"COUNTRY","Country","EMPSTAT","Employment status","FREQUENCY","Frequency","TIME","Time","Unit Code","Unit","PowerCode Code","PowerCode","Reference Period Code","Reference Period","Value","Flag Codes","Flags"
"AUS","Australia","TE","Total employment","A","Annual","2010","2010","HOUR","Hours","0","Units",,,1778,,
"AUS","Australia","TE","Total employment","A","Annual","2011","2011","HOUR","Hours","0","Units",,,1774,,
"AUS","Australia","TE","Total employment","A","Annual","2012","2012","HOUR","Hours","0","Units",,,1771,,
"AUS","Australia","TE","Total employment","A","Annual","2013","2013","HOUR","Hours","0","Units",,,1766,,
"AUS","Australia","TE","Total employment","A","Annual","2014","2014","HOUR","Hours","0","Units",,,1755,,
"AUS","Australia","TE","Total employment","A","Annual","2015","2015","HOUR","Hours","0","Units",,,1751,,
"AUS","Australia","TE","Total employment","A","Annual","2016","2016","HOUR","Hours","0","Units",,,1739,,
"AUS","Australia","TE","Total employment","A","Annual","2017","2017","HOUR","Hours","0","Units",,,1738,,
"AUS","Australia","TE","Total employment","A","Annual","2018","2018","HOUR","Hours","0","Units",,,1733,,
"AUS","Australia","TE","Total employment","A","Annual","2019","2019","HOUR","Hours","0","Units",,,1722,,
"AUS","Australia","TE","Total employment","A","Annual","2020","2020","HOUR","Hours","0","Units",,,1683,,
"AUT","Austria","DE","Dependent employment","A","Annual","2010","2010","HOUR","Hours","0","Units",,,1468,,
"AUT","Austria","DE","Dependent employment","A","Annual","2011","2011","HOUR","Hours","0","Units",,,1468,,
"AUT","Austria","DE","Dependent employment","A","Annual","2012","2012","HOUR","Hours","0","Units",,,1453,,
"AUT","Austria","DE","Dependent employment","A","Annual","2013","2013","HOUR","Hours","0","Units",,,1443,,
"AUT","Austria","DE","Dependent employment","A","Annual","2014","2014","HOUR","Hours","0","Units",,,1438,,
"AUT","Austria","DE","Dependent employment","A","Annual","2015","2015","HOUR","Hours","0","Units",,,1420,,
"AUT","Austria","DE","Dependent employment","A","Annual","2016","2016","HOUR","Hours","0","Units",,,1431,,
"AUT","Austria","DE","Dependent employment","A","Annual","2017","2017","HOUR","Hours","0","Units",,,1421,,
"AUT","Austria","DE","Dependent employment","A","Annual","2018","2018","HOUR","Hours","0","Units",,,1421,,
"AUT","Austria","DE","Dependent employment","A","Annual","2019","2019","HOUR","Hours","0","Units",,,1430,,
"AUT","Austria","DE","Dependent employment","A","Annual","2020","2020","HOUR","Hours","0","Units",,,1322,,
"AUT","Austria","TE","Total employment","A","Annual","2010","2010","HOUR","Hours","0","Units",,,1552,,
"AUT","Austria","TE","Total employment","A","Annual","2011","2011","HOUR","Hours","0","Units",,,1557,,
"AUT","Austria","TE","Total employment","A","Annual","2012","2012","HOUR","Hours","0","Units",,,1535,,
"AUT","Austria","TE","Total employment","A","Annual","2013","2013","HOUR","Hours","0","Units",,,1520,,
"AUT","Austria","TE","Total employment","A","Annual","2014","2014","HOUR","Hours","0","Units",,,1510,,
"AUT","Austria","TE","Total employment","A","Annual","2015","2015","HOUR","Hours","0","Units",,,1495,,
"AUT","Austria","TE","Total employment","A","Annual","2016","2016","HOUR","Hours","0","Units",,,1507,,
"AUT","Austria","TE","Total employment","A","Annual","2017","2017","HOUR","Hours","0","Units",,,1498,,
"AUT","Austria","TE","Total employment","A","Annual","2018","2018","HOUR","Hours","0","Units",,,1502,,
"AUT","Austria","TE","Total employment","A","Annual","2019","2019","HOUR","Hours","0","Units",,,1509,,
"AUT","Austria","TE","Total employment","A","Annual","2020","2020","HOUR","Hours","0","Units",,,1400,,
"BEL","Belgium","DE","Dependent employment","A","Annual","2010","2010","HOUR","Hours","0","Units",,,1432,,
"BEL","Belgium","DE","Dependent employment","A","Annual","2011","2011","HOUR","Hours","0","Units",,,1443,,
"BEL","Belgium","DE","Dependent employment","A","Annual","2012","2012","HOUR","Hours","0","Units",,,1440,,
"BEL","Belgium","DE","Dependent employment","A","Annual","2013","2013","HOUR","Hours","0","Units",,,1436,,
"BEL","Belgium","DE","Dependent employment","A","Annual","2014","2014","HOUR","Hours","0","Units",,,1434,,
"BEL","Belgium","DE","Dependent employment","A","Annual","2015","2015","HOUR","Hours","0","Units",,,1431,,
"BEL","Belgium","DE","Dependent employment","A","Annual","2016","2016","HOUR","Hours","0","Units",,,1435,,
"BEL","Belgium","DE","Dependent employment","A","Annual","2017","2017","HOUR","Hours","0","Units",,,1441,,
"BEL","Belgium","DE","Dependent employment","A","Annual","2018","2018","HOUR","Hours","0","Units",,,1445,,
"BEL","Belgium","DE","Dependent employment","A","Annual","2019","2019","HOUR","Hours","0","Units",,,1442,,
"BEL","Belgium","DE","Dependent employment","A","Annual","2020","2020","HOUR","Hours","0","Units",,,1360,,
"BEL","Belgium","TE","Total employment","A","Annual","2010","2010","HOUR","Hours","0","Units",,,1574,,
"BEL","Belgium","TE","Total employment","A","Annual","2011","2011","HOUR","Hours","0","Units",,,1590,,
"BEL","Belgium","TE","Total employment","A","Annual","2012","2012","HOUR","Hours","0","Units",,,1587,,
"BEL","Belgium","TE","Total employment","A","Annual","2013","2013","HOUR","Hours","0","Units",,,1586,,
"BEL","Belgium","TE","Total employment","A","Annual","2014","2014","HOUR","Hours","0","Units",,,1582,,
"BEL","Belgium","TE","Total employment","A","Annual","2015","2015","HOUR","Hours","0","Units",,,1575,,
"BEL","Belgium","TE","Total employment","A","Annual","2016","2016","HOUR","Hours","0","Units",,,1574,,
"BEL","Belgium","TE","Total employment","A","Annual","2017","2017","HOUR","Hours","0","Units",,,1578,,
"BEL","Belgium","TE","Total employment","A","Annual","2018","2018","HOUR","Hours","0","Units",,,1580,,
"BEL","Belgium","TE","Total employment","A","Annual","2019","2019","HOUR","Hours","0","Units",,,1576,,
"BEL","Belgium","TE","Total employment","A","Annual","2020","2020","HOUR","Hours","0","Units",,,1481,,
"CAN","Canada","DE","Dependent employment","A","Annual","2010","2010","HOUR","Hours","0","Units",,,1718,,
"CAN","Canada","DE","Dependent employment","A","Annual","2011","2011","HOUR","Hours","0","Units",,,1718,,
"CAN","Canada","DE","Dependent employment","A","Annual","2012","2012","HOUR","Hours","0","Units",,,1726,,
"CAN","Canada","DE","Dependent employment","A","Annual","2013","2013","HOUR","Hours","0","Units",,,1721,,
"CAN","Canada","DE","Dependent employment","A","Annual","2014","2014","HOUR","Hours","0","Units",,,1718,,
"CAN","Canada","DE","Dependent employment","A","Annual","2015","2015","HOUR","Hours","0","Units",,,1718,,
"CAN","Canada","DE","Dependent employment","A","Annual","2016","2016","HOUR","Hours","0","Units",,,1714,,
"CAN","Canada","DE","Dependent employment","A","Annual","2017","2017","HOUR","Hours","0","Units",,,1705,,
"CAN","Canada","DE","Dependent employment","A","Annual","2018","2018","HOUR","Hours","0","Units",,,1721,,
"CAN","Canada","DE","Dependent employment","A","Annual","2019","2019","HOUR","Hours","0","Units",,,1703,,
"CAN","Canada","DE","Dependent employment","A","Annual","2020","2020","HOUR","Hours","0","Units",,,1668,,
"CAN","Canada","TE","Total employment","A","Annual","2010","2010","HOUR","Hours","0","Units",,,1715,,
"CAN","Canada","TE","Total employment","A","Annual","2011","2011","HOUR","Hours","0","Units",,,1713,,
"CAN","Canada","TE","Total employment","A","Annual","2012","2012","HOUR","Hours","0","Units",,,1722,,
"CAN","Canada","TE","Total employment","A","Annual","2013","2013","HOUR","Hours","0","Units",,,1716,,
"CAN","Canada","TE","Total employment","A","Annual","2014","2014","HOUR","Hours","0","Units",,,1710,,
"CAN","Canada","TE","Total employment","A","Annual","2015","2015","HOUR","Hours","0","Units",,,1712,,
"CAN","Canada","TE","Total employment","A","Annual","2016","2016","HOUR","Hours","0","Units",,,1706,,
"CAN","Canada","TE","Total employment","A","Annual","2017","2017","HOUR","Hours","0","Units",,,1695,,
"CAN","Canada","TE","Total employment","A","Annual","2018","2018","HOUR","Hours","0","Units",,,1708,,
"CAN","Canada","TE","Total employment","A","Annual","2019","2019","HOUR","Hours","0","Units",,,1690,,
"CAN","Canada","TE","Total employment","A","Annual","2020","2020","HOUR","Hours","0","Units",,,1644,,
"CZE","Czech Republic","DE","Dependent employment","A","Annual","2010","2010","HOUR","Hours","0","Units",,,1883,,
"CZE","Czech Republic","DE","Dependent employment","A","Annual","2011","2011","HOUR","Hours","0","Units",,,1864,,
"CZE","Czech Republic","DE","Dependent employment","A","Annual","2012","2012","HOUR","Hours","0","Units",,,1847,,
"CZE","Czech Republic","DE","Dependent employment","A","Annual","2013","2013","HOUR","Hours","0","Units",,,1825,,
"CZE","Czech Republic","DE","Dependent employment","A","Annual","2014","2014","HOUR","Hours","0","Units",,,1826,,
"CZE","Czech Republic","DE","Dependent employment","A","Annual","2015","2015","HOUR","Hours","0","Units",,,1811,,
"CZE","Czech Republic","DE","Dependent employment","A","Annual","2016","2016","HOUR","Hours","0","Units",,,1833,,
"CZE","Czech Republic","DE","Dependent employment","A","Annual","2017","2017","HOUR","Hours","0","Units",,,1805,,
"CZE","Czech Republic","DE","Dependent employment","A","Annual","2018","2018","HOUR","Hours","0","Units",,,1800,,
"CZE","Czech Republic","DE","Dependent employment","A","Annual","2019","2019","HOUR","Hours","0","Units",,,1798,,
"CZE","Czech Republic","DE","Dependent employment","A","Annual","2020","2020","HOUR","Hours","0","Units",,,1718,,
"CZE","Czech Republic","TE","Total employment","A","Annual","2010","2010","HOUR","Hours","0","Units",,,1799,,
"CZE","Czech Republic","TE","Total employment","A","Annual","2011","2011","HOUR","Hours","0","Units",,,1805,,
"CZE","Czech Republic","TE","Total employment","A","Annual","2012","2012","HOUR","Hours","0","Units",,,1776,,
"CZE","Czech Republic","TE","Total employment","A","Annual","2013","2013","HOUR","Hours","0","Units",,,1764,,
"CZE","Czech Republic","TE","Total employment","A","Annual","2014","2014","HOUR","Hours","0","Units",,,1774,,
"CZE","Czech Republic","TE","Total employment","A","Annual","2015","2015","HOUR","Hours","0","Units",,,1751,,
"CZE","Czech Republic","TE","Total employment","A","Annual","2016","2016","HOUR","Hours","0","Units",,,1774,,
"CZE","Czech Republic","TE","Total employment","A","Annual","2017","2017","HOUR","Hours","0","Units",,,1776,,
"CZE","Czech Republic","TE","Total employment","A","Annual","2018","2018","HOUR","Hours","0","Units",,,1785,,
"CZE","Czech Republic","TE","Total employment","A","Annual","2019","2019","HOUR","Hours","0","Units",,,1784,,
"CZE","Czech Republic","TE","Total employment","A","Annual","2020","2020","HOUR","Hours","0","Units",,,1705,,
"DNK","Denmark","DE","Dependent employment","A","Annual","2010","2010","HOUR","Hours","0","Units",,,1399,,
"DNK","Denmark","DE","Dependent employment","A","Annual","2011","2011","HOUR","Hours","0","Units",,,1413,,
"DNK","Denmark","DE","Dependent employment","A","Annual","2012","2012","HOUR","Hours","0","Units",,,1401,,
"DNK","Denmark","DE","Dependent employment","A","Annual","2013","2013","HOUR","Hours","0","Units",,,1403,,
"DNK","Denmark","DE","Dependent employment","A","Annual","2014","2014","HOUR","Hours","0","Units",,,1391,,
"DNK","Denmark","DE","Dependent employment","A","Annual","2015","2015","HOUR","Hours","0","Units",,,1380,,
"DNK","Denmark","DE","Dependent employment","A","Annual","2016","2016","HOUR","Hours","0","Units",,,1390,,
"DNK","Denmark","DE","Dependent employment","A","Annual","2017","2017","HOUR","Hours","0","Units",,,1384,,
"DNK","Denmark","DE","Dependent employment","A","Annual","2018","2018","HOUR","Hours","0","Units",,,1363,,
"DNK","Denmark","DE","Dependent employment","A","Annual","2019","2019","HOUR","Hours","0","Units",,,1362,,
"DNK","Denmark","DE","Dependent employment","A","Annual","2020","2020","HOUR","Hours","0","Units",,,1325,,
"DNK","Denmark","TE","Total employment","A","Annual","2010","2010","HOUR","Hours","0","Units",,,1422,,
"DNK","Denmark","TE","Total employment","A","Annual","2011","2011","HOUR","Hours","0","Units",,,1437,,
"DNK","Denmark","TE","Total employment","A","Annual","2012","2012","HOUR","Hours","0","Units",,,1423,,
"DNK","Denmark","TE","Total employment","A","Annual","2013","2013","HOUR","Hours","0","Units",,,1426,,
"DNK","Denmark","TE","Total employment","A","Annual","2014","2014","HOUR","Hours","0","Units",,,1414,,
"DNK","Denmark","TE","Total employment","A","Annual","2015","2015","HOUR","Hours","0","Units",,,1407,,
"DNK","Denmark","TE","Total employment","A","Annual","2016","2016","HOUR","Hours","0","Units",,,1412,,
"DNK","Denmark","TE","Total employment","A","Annual","2017","2017","HOUR","Hours","0","Units",,,1404,,
"DNK","Denmark","TE","Total employment","A","Annual","2018","2018","HOUR","Hours","0","Units",,,1381,,
"DNK","Denmark","TE","Total employment","A","Annual","2019","2019","HOUR","Hours","0","Units",,,1381,,
"DNK","Denmark","TE","Total employment","A","Annual","2020","2020","HOUR","Hours","0","Units",,,1346,,
"FIN","Finland","DE","Dependent employment","A","Annual","2010","2010","HOUR","Hours","0","Units",,,1521,,
"FIN","Finland","DE","Dependent employment","A","Annual","2011","2011","HOUR","Hours","0","Units",,,1521,,
"FIN","Finland","DE","Dependent employment","A","Annual","2012","2012","HOUR","Hours","0","Units",,,1513,,
"FIN","Finland","DE","Dependent employment","A","Annual","2013","2013","HOUR","Hours","0","Units",,,1509,,
"FIN","Finland","DE","Dependent employment","A","Annual","2014","2014","HOUR","Hours","0","Units",,,1506,,
"FIN","Finland","DE","Dependent employment","A","Annual","2015","2015","HOUR","Hours","0","Units",,,1505,,
"FIN","Finland","DE","Dependent employment","A","Annual","2016","2016","HOUR","Hours","0","Units",,,1505,,
"FIN","Finland","DE","Dependent employment","A","Annual","2017","2017","HOUR","Hours","0","Units",,,1502,,
"FIN","Finland","DE","Dependent employment","A","Annual","2018","2018","HOUR","Hours","0","Units",,,1499,,
"FIN","Finland","DE","Dependent employment","A","Annual","2019","2019","HOUR","Hours","0","Units",,,1496,,
"FIN","Finland","DE","Dependent employment","A","Annual","2020","2020","HOUR","Hours","0","Units",,,1492,,
"FIN","Finland","TE","Total employment","A","Annual","2010","2010","HOUR","Hours","0","Units",,,1585,,
"FIN","Finland","TE","Total employment","A","Annual","2011","2011","HOUR","Hours","0","Units",,,1578,,
"FIN","Finland","TE","Total employment","A","Annual","2012","2012","HOUR","Hours","0","Units",,,1568,,
"FIN","Finland","TE","Total employment","A","Annual","2013","2013","HOUR","Hours","0","Units",,,1560,,
"FIN","Finland","TE","Total employment","A","Annual","2014","2014","HOUR","Hours","0","Units",,,1558,,
"FIN","Finland","TE","Total employment","A","Annual","2015","2015","HOUR","Hours","0","Units",,,1555,,
"FIN","Finland","TE","Total employment","A","Annual","2016","2016","HOUR","Hours","0","Units",,,1555,,
"FIN","Finland","TE","Total employment","A","Annual","2017","2017","HOUR","Hours","0","Units",,,1549,,
"FIN","Finland","TE","Total employment","A","Annual","2018","2018","HOUR","Hours","0","Units",,,1546,,
"FIN","Finland","TE","Total employment","A","Annual","2019","2019","HOUR","Hours","0","Units",,,1539,,
"FIN","Finland","TE","Total employment","A","Annual","2020","2020","HOUR","Hours","0","Units",,,1531,,
"FRA","France","DE","Dependent employment","A","Annual","2010","2010","HOUR","Hours","0","Units",,,1439,,
"FRA","France","DE","Dependent employment","A","Annual","2011","2011","HOUR","Hours","0","Units",,,1445,,
"FRA","France","DE","Dependent employment","A","Annual","2012","2012","HOUR","Hours","0","Units",,,1440,,
"FRA","France","DE","Dependent employment","A","Annual","2013","2013","HOUR","Hours","0","Units",,,1427,,
"FRA","France","DE","Dependent employment","A","Annual","2014","2014","HOUR","Hours","0","Units",,,1422,,
"FRA","France","DE","Dependent employment","A","Annual","2015","2015","HOUR","Hours","0","Units",,,1422,,
"FRA","France","DE","Dependent employment","A","Annual","2016","2016","HOUR","Hours","0","Units",,,1428,,
"FRA","France","DE","Dependent employment","A","Annual","2017","2017","HOUR","Hours","0","Units",,,1416,,
"FRA","France","DE","Dependent employment","A","Annual","2018","2018","HOUR","Hours","0","Units",,,1424,,
"FRA","France","DE","Dependent employment","A","Annual","2019","2019","HOUR","Hours","0","Units",,,1421,,
"FRA","France","DE","Dependent employment","A","Annual","2020","2020","HOUR","Hours","0","Units",,,1320,,
"FRA","France","TE","Total employment","A","Annual","2010","2010","HOUR","Hours","0","Units",,,1540,,
"FRA","France","TE","Total employment","A","Annual","2011","2011","HOUR","Hours","0","Units",,,1546,,
"FRA","France","TE","Total employment","A","Annual","2012","2012","HOUR","Hours","0","Units",,,1541,,
"FRA","France","TE","Total employment","A","Annual","2013","2013","HOUR","Hours","0","Units",,,1526,,
"FRA","France","TE","Total employment","A","Annual","2014","2014","HOUR","Hours","0","Units",,,1518,,
"FRA","France","TE","Total employment","A","Annual","2015","2015","HOUR","Hours","0","Units",,,1519,,
"FRA","France","TE","Total employment","A","Annual","2016","2016","HOUR","Hours","0","Units",,,1522,,
"FRA","France","TE","Total employment","A","Annual","2017","2017","HOUR","Hours","0","Units",,,1508,,
"FRA","France","TE","Total employment","A","Annual","2018","2018","HOUR","Hours","0","Units",,,1514,,
"FRA","France","TE","Total employment","A","Annual","2019","2019","HOUR","Hours","0","Units",,,1511,,
"FRA","France","TE","Total employment","A","Annual","2020","2020","HOUR","Hours","0","Units",,,1402,,
"DEU","Germany","DE","Dependent employment","A","Annual","2010","2010","HOUR","Hours","0","Units",,,1349.9,,
"DEU","Germany","DE","Dependent employment","A","Annual","2011","2011","HOUR","Hours","0","Units",,,1353.5,,
"DEU","Germany","DE","Dependent employment","A","Annual","2012","2012","HOUR","Hours","0","Units",,,1336.1,,
"DEU","Germany","DE","Dependent employment","A","Annual","2013","2013","HOUR","Hours","0","Units",,,1326.7,,
"DEU","Germany","DE","Dependent employment","A","Annual","2014","2014","HOUR","Hours","0","Units",,,1333.8,,
"DEU","Germany","DE","Dependent employment","A","Annual","2015","2015","HOUR","Hours","0","Units",,,1336.8,,
"DEU","Germany","DE","Dependent employment","A","Annual","2016","2016","HOUR","Hours","0","Units",,,1333.5,,
"DEU","Germany","DE","Dependent employment","A","Annual","2017","2017","HOUR","Hours","0","Units",,,1331,,
"DEU","Germany","DE","Dependent employment","A","Annual","2018","2018","HOUR","Hours","0","Units",,,1332,,
"DEU","Germany","DE","Dependent employment","A","Annual","2019","2019","HOUR","Hours","0","Units",,,1330,,
"DEU","Germany","DE","Dependent employment","A","Annual","2020","2020","HOUR","Hours","0","Units",,,1284,,
"DEU","Germany","TE","Total employment","A","Annual","2010","2010","HOUR","Hours","0","Units",,,1425.7,,
"DEU","Germany","TE","Total employment","A","Annual","2011","2011","HOUR","Hours","0","Units",,,1426.9,,
"DEU","Germany","TE","Total employment","A","Annual","2012","2012","HOUR","Hours","0","Units",,,1408,,
"DEU","Germany","TE","Total employment","A","Annual","2013","2013","HOUR","Hours","0","Units",,,1396.5,,
"DEU","Germany","TE","Total employment","A","Annual","2014","2014","HOUR","Hours","0","Units",,,1400.4,,
"DEU","Germany","TE","Total employment","A","Annual","2015","2015","HOUR","Hours","0","Units",,,1401,,
"DEU","Germany","TE","Total employment","A","Annual","2016","2016","HOUR","Hours","0","Units",,,1395.6,,
"DEU","Germany","TE","Total employment","A","Annual","2017","2017","HOUR","Hours","0","Units",,,1389.1,,
"DEU","Germany","TE","Total employment","A","Annual","2018","2018","HOUR","Hours","0","Units",,,1386.9,,
"DEU","Germany","TE","Total employment","A","Annual","2019","2019","HOUR","Hours","0","Units",,,1382.8,,
"DEU","Germany","TE","Total employment","A","Annual","2020","2020","HOUR","Hours","0","Units",,,1331.7,,
"GRC","Greece","DE","Dependent employment","A","Annual","2010","2010","HOUR","Hours","0","Units",,,1712,,
"GRC","Greece","DE","Dependent employment","A","Annual","2011","2011","HOUR","Hours","0","Units",,,1726,,
"GRC","Greece","DE","Dependent employment","A","Annual","2012","2012","HOUR","Hours","0","Units",,,1737,,
"GRC","Greece","DE","Dependent employment","A","Annual","2013","2013","HOUR","Hours","0","Units",,,1736,,
"GRC","Greece","DE","Dependent employment","A","Annual","2014","2014","HOUR","Hours","0","Units",,,1707,,
"GRC","Greece","DE","Dependent employment","A","Annual","2015","2015","HOUR","Hours","0","Units",,,1706,,
"GRC","Greece","DE","Dependent employment","A","Annual","2016","2016","HOUR","Hours","0","Units",,,1727,,
"GRC","Greece","DE","Dependent employment","A","Annual","2017","2017","HOUR","Hours","0","Units",,,1715,,
"GRC","Greece","DE","Dependent employment","A","Annual","2018","2018","HOUR","Hours","0","Units",,,1730,,
"GRC","Greece","DE","Dependent employment","A","Annual","2019","2019","HOUR","Hours","0","Units",,,1703,,
"GRC","Greece","DE","Dependent employment","A","Annual","2020","2020","HOUR","Hours","0","Units",,,1537,,
"GRC","Greece","TE","Total employment","A","Annual","2010","2010","HOUR","Hours","0","Units",,,1931,,
"GRC","Greece","TE","Total employment","A","Annual","2011","2011","HOUR","Hours","0","Units",,,1950,,
"GRC","Greece","TE","Total employment","A","Annual","2012","2012","HOUR","Hours","0","Units",,,1990,,
"GRC","Greece","TE","Total employment","A","Annual","2013","2013","HOUR","Hours","0","Units",,,1997,,
"GRC","Greece","TE","Total employment","A","Annual","2014","2014","HOUR","Hours","0","Units",,,1949,,
"GRC","Greece","TE","Total employment","A","Annual","2015","2015","HOUR","Hours","0","Units",,,1935,,
"GRC","Greece","TE","Total employment","A","Annual","2016","2016","HOUR","Hours","0","Units",,,1943,,
"GRC","Greece","TE","Total employment","A","Annual","2017","2017","HOUR","Hours","0","Units",,,1947,,
"GRC","Greece","TE","Total employment","A","Annual","2018","2018","HOUR","Hours","0","Units",,,1965,,
"GRC","Greece","TE","Total employment","A","Annual","2019","2019","HOUR","Hours","0","Units",,,1920,,
"GRC","Greece","TE","Total employment","A","Annual","2020","2020","HOUR","Hours","0","Units",,,1728,,
"HUN","Hungary","DE","Dependent employment","A","Annual","2010","2010","HOUR","Hours","0","Units",,,1818,,
"HUN","Hungary","DE","Dependent employment","A","Annual","2011","2011","HOUR","Hours","0","Units",,,1816,,
"HUN","Hungary","DE","Dependent employment","A","Annual","2012","2012","HOUR","Hours","0","Units",,,1797,,
"HUN","Hungary","DE","Dependent employment","A","Annual","2013","2013","HOUR","Hours","0","Units",,,1803,,
"HUN","Hungary","DE","Dependent employment","A","Annual","2014","2014","HOUR","Hours","0","Units",,,1809,,
"HUN","Hungary","DE","Dependent employment","A","Annual","2015","2015","HOUR","Hours","0","Units",,,1816,,
"HUN","Hungary","DE","Dependent employment","A","Annual","2016","2016","HOUR","Hours","0","Units",,,1819,,
"HUN","Hungary","DE","Dependent employment","A","Annual","2017","2017","HOUR","Hours","0","Units",,,1799,,
"HUN","Hungary","DE","Dependent employment","A","Annual","2018","2018","HOUR","Hours","0","Units",,,1774,,
"HUN","Hungary","DE","Dependent employment","A","Annual","2019","2019","HOUR","Hours","0","Units",,,1776,,
"HUN","Hungary","DE","Dependent employment","A","Annual","2020","2020","HOUR","Hours","0","Units",,,1748,,
"HUN","Hungary","TE","Total employment","A","Annual","2010","2010","HOUR","Hours","0","Units",,,1766.4,,
"HUN","Hungary","TE","Total employment","A","Annual","2011","2011","HOUR","Hours","0","Units",,,1753.7,,
"HUN","Hungary","TE","Total employment","A","Annual","2012","2012","HOUR","Hours","0","Units",,,1738.3,,
"HUN","Hungary","TE","Total employment","A","Annual","2013","2013","HOUR","Hours","0","Units",,,1733.6,,
"HUN","Hungary","TE","Total employment","A","Annual","2014","2014","HOUR","Hours","0","Units",,,1748.6,,
"HUN","Hungary","TE","Total employment","A","Annual","2015","2015","HOUR","Hours","0","Units",,,1745.9,,
"HUN","Hungary","TE","Total employment","A","Annual","2016","2016","HOUR","Hours","0","Units",,,1760.2,,
"HUN","Hungary","TE","Total employment","A","Annual","2017","2017","HOUR","Hours","0","Units",,,1747.4,,
"HUN","Hungary","TE","Total employment","A","Annual","2018","2018","HOUR","Hours","0","Units",,,1729.9,,
"HUN","Hungary","TE","Total employment","A","Annual","2019","2019","HOUR","Hours","0","Units",,,1722.2,,
"HUN","Hungary","TE","Total employment","A","Annual","2020","2020","HOUR","Hours","0","Units",,,1660.3,,
"ISL","Iceland","DE","Dependent employment","A","Annual","2010","2010","HOUR","Hours","0","Units",,,1548,,
"ISL","Iceland","DE","Dependent employment","A","Annual","2011","2011","HOUR","Hours","0","Units",,,1558,,
"ISL","Iceland","DE","Dependent employment","A","Annual","2012","2012","HOUR","Hours","0","Units",,,1542,,
"ISL","Iceland","DE","Dependent employment","A","Annual","2013","2013","HOUR","Hours","0","Units",,,1541,,
"ISL","Iceland","DE","Dependent employment","A","Annual","2014","2014","HOUR","Hours","0","Units",,,1530,,
"ISL","Iceland","DE","Dependent employment","A","Annual","2015","2015","HOUR","Hours","0","Units",,,1526,,
"ISL","Iceland","DE","Dependent employment","A","Annual","2016","2016","HOUR","Hours","0","Units",,,1533,,
"ISL","Iceland","DE","Dependent employment","A","Annual","2017","2017","HOUR","Hours","0","Units",,,1518,,
"ISL","Iceland","DE","Dependent employment","A","Annual","2018","2018","HOUR","Hours","0","Units",,,1507,,
"ISL","Iceland","DE","Dependent employment","A","Annual","2019","2019","HOUR","Hours","0","Units",,,1493,,
"ISL","Iceland","DE","Dependent employment","A","Annual","2020","2020","HOUR","Hours","0","Units",,,1447,,
"ISL","Iceland","TE","Total employment","A","Annual","2010","2010","HOUR","Hours","0","Units",,,1528,,
"ISL","Iceland","TE","Total employment","A","Annual","2011","2011","HOUR","Hours","0","Units",,,1538,,
"ISL","Iceland","TE","Total employment","A","Annual","2012","2012","HOUR","Hours","0","Units",,,1523,,
"ISL","Iceland","TE","Total employment","A","Annual","2013","2013","HOUR","Hours","0","Units",,,1524,,
"ISL","Iceland","TE","Total employment","A","Annual","2014","2014","HOUR","Hours","0","Units",,,1513,,
"ISL","Iceland","TE","Total employment","A","Annual","2015","2015","HOUR","Hours","0","Units",,,1511,,
"ISL","Iceland","TE","Total employment","A","Annual","2016","2016","HOUR","Hours","0","Units",,,1520,,
"ISL","Iceland","TE","Total employment","A","Annual","2017","2017","HOUR","Hours","0","Units",,,1507,,
"ISL","Iceland","TE","Total employment","A","Annual","2018","2018","HOUR","Hours","0","Units",,,1496,,
"ISL","Iceland","TE","Total employment","A","Annual","2019","2019","HOUR","Hours","0","Units",,,1480,,
"ISL","Iceland","TE","Total employment","A","Annual","2020","2020","HOUR","Hours","0","Units",,,1435,,
"IRL","Ireland","DE","Dependent employment","A","Annual","2010","2010","HOUR","Hours","0","Units",,,1636,,
"IRL","Ireland","DE","Dependent employment","A","Annual","2011","2011","HOUR","Hours","0","Units",,,1649,,
"IRL","Ireland","DE","Dependent employment","A","Annual","2012","2012","HOUR","Hours","0","Units",,,1660,,
"IRL","Ireland","DE","Dependent employment","A","Annual","2013","2013","HOUR","Hours","0","Units",,,1662,,
"IRL","Ireland","DE","Dependent employment","A","Annual","2014","2014","HOUR","Hours","0","Units",,,1673,,
"IRL","Ireland","DE","Dependent employment","A","Annual","2015","2015","HOUR","Hours","0","Units",,,1685,,
"IRL","Ireland","DE","Dependent employment","A","Annual","2016","2016","HOUR","Hours","0","Units",,,1683,,
"IRL","Ireland","DE","Dependent employment","A","Annual","2017","2017","HOUR","Hours","0","Units",,,1685,,
"IRL","Ireland","DE","Dependent employment","A","Annual","2018","2018","HOUR","Hours","0","Units",,,1696,,
"IRL","Ireland","DE","Dependent employment","A","Annual","2019","2019","HOUR","Hours","0","Units",,,1687,,
"IRL","Ireland","DE","Dependent employment","A","Annual","2020","2020","HOUR","Hours","0","Units",,,1679,,
"IRL","Ireland","TE","Total employment","A","Annual","2010","2010","HOUR","Hours","0","Units",,,1721,,
"IRL","Ireland","TE","Total employment","A","Annual","2011","2011","HOUR","Hours","0","Units",,,1737,,
"IRL","Ireland","TE","Total employment","A","Annual","2012","2012","HOUR","Hours","0","Units",,,1738,,
"IRL","Ireland","TE","Total employment","A","Annual","2013","2013","HOUR","Hours","0","Units",,,1743,,
"IRL","Ireland","TE","Total employment","A","Annual","2014","2014","HOUR","Hours","0","Units",,,1757,,
"IRL","Ireland","TE","Total employment","A","Annual","2015","2015","HOUR","Hours","0","Units",,,1771,,
"IRL","Ireland","TE","Total employment","A","Annual","2016","2016","HOUR","Hours","0","Units",,,1763,,
"IRL","Ireland","TE","Total employment","A","Annual","2017","2017","HOUR","Hours","0","Units",,,1775,,
"IRL","Ireland","TE","Total employment","A","Annual","2018","2018","HOUR","Hours","0","Units",,,1782,,
"IRL","Ireland","TE","Total employment","A","Annual","2019","2019","HOUR","Hours","0","Units",,,1771,,
"IRL","Ireland","TE","Total employment","A","Annual","2020","2020","HOUR","Hours","0","Units",,,1746,,
"ITA","Italy","TE","Total employment","A","Annual","2010","2010","HOUR","Hours","0","Units",,,1776.8,,
"ITA","Italy","TE","Total employment","A","Annual","2011","2011","HOUR","Hours","0","Units",,,1772.6,,
"ITA","Italy","TE","Total employment","A","Annual","2012","2012","HOUR","Hours","0","Units",,,1733.6,,
"ITA","Italy","TE","Total employment","A","Annual","2013","2013","HOUR","Hours","0","Units",,,1719.1,,
"ITA","Italy","TE","Total employment","A","Annual","2014","2014","HOUR","Hours","0","Units",,,1716.3,,
"ITA","Italy","TE","Total employment","A","Annual","2015","2015","HOUR","Hours","0","Units",,,1717.5,,
"ITA","Italy","TE","Total employment","A","Annual","2016","2016","HOUR","Hours","0","Units",,,1721.7,,
"ITA","Italy","TE","Total employment","A","Annual","2017","2017","HOUR","Hours","0","Units",,,1719.2,,
"ITA","Italy","TE","Total employment","A","Annual","2018","2018","HOUR","Hours","0","Units",,,1719.4,,
"ITA","Italy","TE","Total employment","A","Annual","2019","2019","HOUR","Hours","0","Units",,,1714.7,,
"ITA","Italy","TE","Total employment","A","Annual","2020","2020","HOUR","Hours","0","Units",,,1558.7,,
"JPN","Japan","DE","Dependent employment","A","Annual","2010","2010","HOUR","Hours","0","Units",,,1754,,
"JPN","Japan","DE","Dependent employment","A","Annual","2011","2011","HOUR","Hours","0","Units",,,1747,,
"JPN","Japan","DE","Dependent employment","A","Annual","2012","2012","HOUR","Hours","0","Units",,,1765,,
"JPN","Japan","DE","Dependent employment","A","Annual","2013","2013","HOUR","Hours","0","Units",,,1746,,
"JPN","Japan","DE","Dependent employment","A","Annual","2014","2014","HOUR","Hours","0","Units",,,1741,,
"JPN","Japan","DE","Dependent employment","A","Annual","2015","2015","HOUR","Hours","0","Units",,,1734,,
"JPN","Japan","DE","Dependent employment","A","Annual","2016","2016","HOUR","Hours","0","Units",,,1724,,
"JPN","Japan","DE","Dependent employment","A","Annual","2017","2017","HOUR","Hours","0","Units",,,1720,,
"JPN","Japan","DE","Dependent employment","A","Annual","2018","2018","HOUR","Hours","0","Units",,,1706,,
"JPN","Japan","DE","Dependent employment","A","Annual","2019","2019","HOUR","Hours","0","Units",,,1669,,
"JPN","Japan","DE","Dependent employment","A","Annual","2020","2020","HOUR","Hours","0","Units",,,1621,,
"JPN","Japan","TE","Total employment","A","Annual","2010","2010","HOUR","Hours","0","Units",,,1733,,
"JPN","Japan","TE","Total employment","A","Annual","2011","2011","HOUR","Hours","0","Units",,,1728,,
"JPN","Japan","TE","Total employment","A","Annual","2012","2012","HOUR","Hours","0","Units",,,1745,,
"JPN","Japan","TE","Total employment","A","Annual","2013","2013","HOUR","Hours","0","Units",,,1734,,
"JPN","Japan","TE","Total employment","A","Annual","2014","2014","HOUR","Hours","0","Units",,,1729,,
"JPN","Japan","TE","Total employment","A","Annual","2015","2015","HOUR","Hours","0","Units",,,1719,,
"JPN","Japan","TE","Total employment","A","Annual","2016","2016","HOUR","Hours","0","Units",,,1714,,
"JPN","Japan","TE","Total employment","A","Annual","2017","2017","HOUR","Hours","0","Units",,,1709,,
"JPN","Japan","TE","Total employment","A","Annual","2018","2018","HOUR","Hours","0","Units",,,1680,,
"JPN","Japan","TE","Total employment","A","Annual","2019","2019","HOUR","Hours","0","Units",,,1644,,
"JPN","Japan","TE","Total employment","A","Annual","2020","2020","HOUR","Hours","0","Units",,,1598,,
"KOR","Korea","DE","Dependent employment","A","Annual","2011","2011","HOUR","Hours","0","Units",,,2119.2,,
"KOR","Korea","DE","Dependent employment","A","Annual","2012","2012","HOUR","Hours","0","Units",,,2097.6,,
"KOR","Korea","DE","Dependent employment","A","Annual","2013","2013","HOUR","Hours","0","Units",,,2071.2,,
"KOR","Korea","DE","Dependent employment","A","Annual","2014","2014","HOUR","Hours","0","Units",,,2047.2,,
"KOR","Korea","DE","Dependent employment","A","Annual","2015","2015","HOUR","Hours","0","Units",,,2058,,
"KOR","Korea","DE","Dependent employment","A","Annual","2016","2016","HOUR","Hours","0","Units",,,2032.8,,
"KOR","Korea","DE","Dependent employment","A","Annual","2017","2017","HOUR","Hours","0","Units",,,1995.6,,
"KOR","Korea","DE","Dependent employment","A","Annual","2018","2018","HOUR","Hours","0","Units",,,1966.8,,
"KOR","Korea","DE","Dependent employment","A","Annual","2019","2019","HOUR","Hours","0","Units",,,1957.2,,
"KOR","Korea","DE","Dependent employment","A","Annual","2020","2020","HOUR","Hours","0","Units",,,1927.2,,
"KOR","Korea","TE","Total employment","A","Annual","2010","2010","HOUR","Hours","0","Units",,,2163,,
"KOR","Korea","TE","Total employment","A","Annual","2011","2011","HOUR","Hours","0","Units",,,2136,,
"KOR","Korea","TE","Total employment","A","Annual","2012","2012","HOUR","Hours","0","Units",,,2119,,
"KOR","Korea","TE","Total employment","A","Annual","2013","2013","HOUR","Hours","0","Units",,,2106,,
"KOR","Korea","TE","Total employment","A","Annual","2014","2014","HOUR","Hours","0","Units",,,2076,,
"KOR","Korea","TE","Total employment","A","Annual","2015","2015","HOUR","Hours","0","Units",,,2083,,
"KOR","Korea","TE","Total employment","A","Annual","2016","2016","HOUR","Hours","0","Units",,,2068,,
"KOR","Korea","TE","Total employment","A","Annual","2017","2017","HOUR","Hours","0","Units",,,2018,,
"KOR","Korea","TE","Total employment","A","Annual","2018","2018","HOUR","Hours","0","Units",,,1993,,
"KOR","Korea","TE","Total employment","A","Annual","2019","2019","HOUR","Hours","0","Units",,,1967,,
"KOR","Korea","TE","Total employment","A","Annual","2020","2020","HOUR","Hours","0","Units",,,1908,,
"LUX","Luxembourg","DE","Dependent employment","A","Annual","2010","2010","HOUR","Hours","0","Units",,,1522,,
"LUX","Luxembourg","DE","Dependent employment","A","Annual","2011","2011","HOUR","Hours","0","Units",,,1521,,
"LUX","Luxembourg","DE","Dependent employment","A","Annual","2012","2012","HOUR","Hours","0","Units",,,1513,,
"LUX","Luxembourg","DE","Dependent employment","A","Annual","2013","2013","HOUR","Hours","0","Units",,,1505,,
"LUX","Luxembourg","DE","Dependent employment","A","Annual","2014","2014","HOUR","Hours","0","Units",,,1507,,
"LUX","Luxembourg","DE","Dependent employment","A","Annual","2015","2015","HOUR","Hours","0","Units",,,1515,,
"LUX","Luxembourg","DE","Dependent employment","A","Annual","2016","2016","HOUR","Hours","0","Units",,,1513,,
"LUX","Luxembourg","DE","Dependent employment","A","Annual","2017","2017","HOUR","Hours","0","Units",,,1506,,
"LUX","Luxembourg","DE","Dependent employment","A","Annual","2018","2018","HOUR","Hours","0","Units",,,1506,,
"LUX","Luxembourg","DE","Dependent employment","A","Annual","2019","2019","HOUR","Hours","0","Units",,,1505,,
"LUX","Luxembourg","DE","Dependent employment","A","Annual","2020","2020","HOUR","Hours","0","Units",,,1424,,
"LUX","Luxembourg","TE","Total employment","A","Annual","2010","2010","HOUR","Hours","0","Units",,,1517,,
"LUX","Luxembourg","TE","Total employment","A","Annual","2011","2011","HOUR","Hours","0","Units",,,1515,,
"LUX","Luxembourg","TE","Total employment","A","Annual","2012","2012","HOUR","Hours","0","Units",,,1508,,
"LUX","Luxembourg","TE","Total employment","A","Annual","2013","2013","HOUR","Hours","0","Units",,,1503,,
"LUX","Luxembourg","TE","Total employment","A","Annual","2014","2014","HOUR","Hours","0","Units",,,1506,,
"LUX","Luxembourg","TE","Total employment","A","Annual","2015","2015","HOUR","Hours","0","Units",,,1514,,
"LUX","Luxembourg","TE","Total employment","A","Annual","2016","2016","HOUR","Hours","0","Units",,,1512,,
"LUX","Luxembourg","TE","Total employment","A","Annual","2017","2017","HOUR","Hours","0","Units",,,1506,,
"LUX","Luxembourg","TE","Total employment","A","Annual","2018","2018","HOUR","Hours","0","Units",,,1506,,
"LUX","Luxembourg","TE","Total employment","A","Annual","2019","2019","HOUR","Hours","0","Units",,,1506,,
"LUX","Luxembourg","TE","Total employment","A","Annual","2020","2020","HOUR","Hours","0","Units",,,1427,,
"MEX","Mexico","DE","Dependent employment","A","Annual","2010","2010","HOUR","Hours","0","Units",,,2337,,
"MEX","Mexico","DE","Dependent employment","A","Annual","2011","2011","HOUR","Hours","0","Units",,,2328.3,,
"MEX","Mexico","DE","Dependent employment","A","Annual","2012","2012","HOUR","Hours","0","Units",,,2325.4,,
"MEX","Mexico","DE","Dependent employment","A","Annual","2013","2013","HOUR","Hours","0","Units",,,2334.6,,
"MEX","Mexico","DE","Dependent employment","A","Annual","2014","2014","HOUR","Hours","0","Units",,,2337.3,,
"MEX","Mexico","DE","Dependent employment","A","Annual","2015","2015","HOUR","Hours","0","Units",,,2347.5,,
"MEX","Mexico","DE","Dependent employment","A","Annual","2016","2016","HOUR","Hours","0","Units",,,2347.8,,
"MEX","Mexico","DE","Dependent employment","A","Annual","2017","2017","HOUR","Hours","0","Units",,,2348.3,,
"MEX","Mexico","DE","Dependent employment","A","Annual","2018","2018","HOUR","Hours","0","Units",,,2346.6,,
"MEX","Mexico","DE","Dependent employment","A","Annual","2019","2019","HOUR","Hours","0","Units",,,2335.8,,
"MEX","Mexico","DE","Dependent employment","A","Annual","2020","2020","HOUR","Hours","0","Units",,,2326,,
"MEX","Mexico","TE","Total employment","A","Annual","2010","2010","HOUR","Hours","0","Units",,,2150,,
"MEX","Mexico","TE","Total employment","A","Annual","2011","2011","HOUR","Hours","0","Units",,,2121,,
"MEX","Mexico","TE","Total employment","A","Annual","2012","2012","HOUR","Hours","0","Units",,,2120,,
"MEX","Mexico","TE","Total employment","A","Annual","2013","2013","HOUR","Hours","0","Units",,,2136,,
"MEX","Mexico","TE","Total employment","A","Annual","2014","2014","HOUR","Hours","0","Units",,,2134,,
"MEX","Mexico","TE","Total employment","A","Annual","2015","2015","HOUR","Hours","0","Units",,,2140,,
"MEX","Mexico","TE","Total employment","A","Annual","2016","2016","HOUR","Hours","0","Units",,,2146,,
"MEX","Mexico","TE","Total employment","A","Annual","2017","2017","HOUR","Hours","0","Units",,,2149,,
"MEX","Mexico","TE","Total employment","A","Annual","2018","2018","HOUR","Hours","0","Units",,,2149,,
"MEX","Mexico","TE","Total employment","A","Annual","2019","2019","HOUR","Hours","0","Units",,,2139,,
"MEX","Mexico","TE","Total employment","A","Annual","2020","2020","HOUR","Hours","0","Units",,,2124,,
"NLD","Netherlands","DE","Dependent employment","A","Annual","2010","2010","HOUR","Hours","0","Units",,,1357,,
"NLD","Netherlands","DE","Dependent employment","A","Annual","2011","2011","HOUR","Hours","0","Units",,,1358,,
"NLD","Netherlands","DE","Dependent employment","A","Annual","2012","2012","HOUR","Hours","0","Units",,,1348,,
"NLD","Netherlands","DE","Dependent employment","A","Annual","2013","2013","HOUR","Hours","0","Units",,,1353,,
"NLD","Netherlands","DE","Dependent employment","A","Annual","2014","2014","HOUR","Hours","0","Units",,,1362,,
"NLD","Netherlands","DE","Dependent employment","A","Annual","2015","2015","HOUR","Hours","0","Units",,,1356,,
"NLD","Netherlands","DE","Dependent employment","A","Annual","2016","2016","HOUR","Hours","0","Units",,,1366,,
"NLD","Netherlands","DE","Dependent employment","A","Annual","2017","2017","HOUR","Hours","0","Units",,,1364,,
"NLD","Netherlands","DE","Dependent employment","A","Annual","2018","2018","HOUR","Hours","0","Units",,,1365,,
"NLD","Netherlands","DE","Dependent employment","A","Annual","2019","2019","HOUR","Hours","0","Units",,,1371,,
"NLD","Netherlands","DE","Dependent employment","A","Annual","2020","2020","HOUR","Hours","0","Units",,,1340,,
"NLD","Netherlands","TE","Total employment","A","Annual","2010","2010","HOUR","Hours","0","Units",,,1420,,
"NLD","Netherlands","TE","Total employment","A","Annual","2011","2011","HOUR","Hours","0","Units",,,1420,,
"NLD","Netherlands","TE","Total employment","A","Annual","2012","2012","HOUR","Hours","0","Units",,,1411,,
"NLD","Netherlands","TE","Total employment","A","Annual","2013","2013","HOUR","Hours","0","Units",,,1415,,
"NLD","Netherlands","TE","Total employment","A","Annual","2014","2014","HOUR","Hours","0","Units",,,1426,,
"NLD","Netherlands","TE","Total employment","A","Annual","2015","2015","HOUR","Hours","0","Units",,,1426,,
"NLD","Netherlands","TE","Total employment","A","Annual","2016","2016","HOUR","Hours","0","Units",,,1437,,
"NLD","Netherlands","TE","Total employment","A","Annual","2017","2017","HOUR","Hours","0","Units",,,1437,,
"NLD","Netherlands","TE","Total employment","A","Annual","2018","2018","HOUR","Hours","0","Units",,,1436,,
"NLD","Netherlands","TE","Total employment","A","Annual","2019","2019","HOUR","Hours","0","Units",,,1440,,
"NLD","Netherlands","TE","Total employment","A","Annual","2020","2020","HOUR","Hours","0","Units",,,1399,,
"NZL","New Zealand","DE","Dependent employment","A","Annual","2010","2010","HOUR","Hours","0","Units",,,1741,,
"NZL","New Zealand","DE","Dependent employment","A","Annual","2011","2011","HOUR","Hours","0","Units",,,1735,,
"NZL","New Zealand","DE","Dependent employment","A","Annual","2012","2012","HOUR","Hours","0","Units",,,1723,,
"NZL","New Zealand","DE","Dependent employment","A","Annual","2013","2013","HOUR","Hours","0","Units",,,1750,,
"NZL","New Zealand","DE","Dependent employment","A","Annual","2014","2014","HOUR","Hours","0","Units",,,1756,,
"NZL","New Zealand","DE","Dependent employment","A","Annual","2015","2015","HOUR","Hours","0","Units",,,1750,,
"NZL","New Zealand","DE","Dependent employment","A","Annual","2016","2016","HOUR","Hours","0","Units",,,1742,,
"NZL","New Zealand","DE","Dependent employment","A","Annual","2017","2017","HOUR","Hours","0","Units",,,1754,,
"NZL","New Zealand","DE","Dependent employment","A","Annual","2018","2018","HOUR","Hours","0","Units",,,1760,,
"NZL","New Zealand","DE","Dependent employment","A","Annual","2019","2019","HOUR","Hours","0","Units",,,1776,,
"NZL","New Zealand","DE","Dependent employment","A","Annual","2020","2020","HOUR","Hours","0","Units",,,1774,,
"NZL","New Zealand","TE","Total employment","A","Annual","2010","2010","HOUR","Hours","0","Units",,,1755,,
"NZL","New Zealand","TE","Total employment","A","Annual","2011","2011","HOUR","Hours","0","Units",,,1746,,
"NZL","New Zealand","TE","Total employment","A","Annual","2012","2012","HOUR","Hours","0","Units",,,1734,,
"NZL","New Zealand","TE","Total employment","A","Annual","2013","2013","HOUR","Hours","0","Units",,,1756,,
"NZL","New Zealand","TE","Total employment","A","Annual","2014","2014","HOUR","Hours","0","Units",,,1758,,
"NZL","New Zealand","TE","Total employment","A","Annual","2015","2015","HOUR","Hours","0","Units",,,1753,,
"NZL","New Zealand","TE","Total employment","A","Annual","2016","2016","HOUR","Hours","0","Units",,,1754,,
"NZL","New Zealand","TE","Total employment","A","Annual","2017","2017","HOUR","Hours","0","Units",,,1756,,
"NZL","New Zealand","TE","Total employment","A","Annual","2018","2018","HOUR","Hours","0","Units",,,1759,,
"NZL","New Zealand","TE","Total employment","A","Annual","2019","2019","HOUR","Hours","0","Units",,,1783,,
"NZL","New Zealand","TE","Total employment","A","Annual","2020","2020","HOUR","Hours","0","Units",,,1739,,
"NOR","Norway","TE","Total employment","A","Annual","2010","2010","HOUR","Hours","0","Units",,,1395.1,,
"NOR","Norway","TE","Total employment","A","Annual","2011","2011","HOUR","Hours","0","Units",,,1399.9,,
"NOR","Norway","TE","Total employment","A","Annual","2012","2012","HOUR","Hours","0","Units",,,1396.3,,
"NOR","Norway","TE","Total employment","A","Annual","2013","2013","HOUR","Hours","0","Units",,,1386.7,,
"NOR","Norway","TE","Total employment","A","Annual","2014","2014","HOUR","Hours","0","Units",,,1389.5,,
"NOR","Norway","TE","Total employment","A","Annual","2015","2015","HOUR","Hours","0","Units",,,1391.9,,
"NOR","Norway","TE","Total employment","A","Annual","2016","2016","HOUR","Hours","0","Units",,,1394.7,,
"NOR","Norway","TE","Total employment","A","Annual","2017","2017","HOUR","Hours","0","Units",,,1380.4,,
"NOR","Norway","TE","Total employment","A","Annual","2018","2018","HOUR","Hours","0","Units",,,1379.3,,
"NOR","Norway","TE","Total employment","A","Annual","2019","2019","HOUR","Hours","0","Units",,,1381.4,,
"NOR","Norway","TE","Total employment","A","Annual","2020","2020","HOUR","Hours","0","Units",,,1368.7,,
"POL","Poland","DE","Dependent employment","A","Annual","2010","2010","HOUR","Hours","0","Units",,,1741,,
"POL","Poland","DE","Dependent employment","A","Annual","2011","2011","HOUR","Hours","0","Units",,,1734,,
"POL","Poland","DE","Dependent employment","A","Annual","2012","2012","HOUR","Hours","0","Units",,,1726,,
"POL","Poland","DE","Dependent employment","A","Annual","2013","2013","HOUR","Hours","0","Units",,,1721,,
"POL","Poland","DE","Dependent employment","A","Annual","2014","2014","HOUR","Hours","0","Units",,,1726,,
"POL","Poland","DE","Dependent employment","A","Annual","2015","2015","HOUR","Hours","0","Units",,,1733,,
"POL","Poland","DE","Dependent employment","A","Annual","2016","2016","HOUR","Hours","0","Units",,,1734,,
"POL","Poland","DE","Dependent employment","A","Annual","2017","2017","HOUR","Hours","0","Units",,,1718,,
"POL","Poland","DE","Dependent employment","A","Annual","2018","2018","HOUR","Hours","0","Units",,,1697,,
"POL","Poland","DE","Dependent employment","A","Annual","2019","2019","HOUR","Hours","0","Units",,,1691,,
"POL","Poland","DE","Dependent employment","A","Annual","2020","2020","HOUR","Hours","0","Units",,,1683,,
"POL","Poland","TE","Total employment","A","Annual","2010","2010","HOUR","Hours","0","Units",,,1831,,
"POL","Poland","TE","Total employment","A","Annual","2011","2011","HOUR","Hours","0","Units",,,1822,,
"POL","Poland","TE","Total employment","A","Annual","2012","2012","HOUR","Hours","0","Units",,,1822,,
"POL","Poland","TE","Total employment","A","Annual","2013","2013","HOUR","Hours","0","Units",,,1817,,
"POL","Poland","TE","Total employment","A","Annual","2014","2014","HOUR","Hours","0","Units",,,1822,,
"POL","Poland","TE","Total employment","A","Annual","2015","2015","HOUR","Hours","0","Units",,,1862,,
"POL","Poland","TE","Total employment","A","Annual","2016","2016","HOUR","Hours","0","Units",,,1831,,
"POL","Poland","TE","Total employment","A","Annual","2017","2017","HOUR","Hours","0","Units",,,1808,,
"POL","Poland","TE","Total employment","A","Annual","2018","2018","HOUR","Hours","0","Units",,,1785,,
"POL","Poland","TE","Total employment","A","Annual","2019","2019","HOUR","Hours","0","Units",,,1781,,
"POL","Poland","TE","Total employment","A","Annual","2020","2020","HOUR","Hours","0","Units",,,1766,,
"PRT","Portugal","DE","Dependent employment","A","Annual","2010","2010","HOUR","Hours","0","Units",,,1710,,
"PRT","Portugal","DE","Dependent employment","A","Annual","2011","2011","HOUR","Hours","0","Units",,,1688,,
"PRT","Portugal","DE","Dependent employment","A","Annual","2012","2012","HOUR","Hours","0","Units",,,1677,,
"PRT","Portugal","DE","Dependent employment","A","Annual","2013","2013","HOUR","Hours","0","Units",,,1689,,
"PRT","Portugal","DE","Dependent employment","A","Annual","2014","2014","HOUR","Hours","0","Units",,,1698,,
"PRT","Portugal","DE","Dependent employment","A","Annual","2015","2015","HOUR","Hours","0","Units",,,1697,,
"PRT","Portugal","DE","Dependent employment","A","Annual","2016","2016","HOUR","Hours","0","Units",,,1698,,
"PRT","Portugal","DE","Dependent employment","A","Annual","2017","2017","HOUR","Hours","0","Units",,,1690,,
"PRT","Portugal","DE","Dependent employment","A","Annual","2018","2018","HOUR","Hours","0","Units",,,1697,,
"PRT","Portugal","DE","Dependent employment","A","Annual","2019","2019","HOUR","Hours","0","Units",,,1702,,
"PRT","Portugal","DE","Dependent employment","A","Annual","2020","2020","HOUR","Hours","0","Units",,,1578,,
"PRT","Portugal","TE","Total employment","A","Annual","2010","2010","HOUR","Hours","0","Units",,,1746,,
"PRT","Portugal","TE","Total employment","A","Annual","2011","2011","HOUR","Hours","0","Units",,,1724,,
"PRT","Portugal","TE","Total employment","A","Annual","2012","2012","HOUR","Hours","0","Units",,,1708,,
"PRT","Portugal","TE","Total employment","A","Annual","2013","2013","HOUR","Hours","0","Units",,,1718,,
"PRT","Portugal","TE","Total employment","A","Annual","2014","2014","HOUR","Hours","0","Units",,,1725,,
"PRT","Portugal","TE","Total employment","A","Annual","2015","2015","HOUR","Hours","0","Units",,,1732,,
"PRT","Portugal","TE","Total employment","A","Annual","2016","2016","HOUR","Hours","0","Units",,,1737,,
"PRT","Portugal","TE","Total employment","A","Annual","2017","2017","HOUR","Hours","0","Units",,,1727,,
"PRT","Portugal","TE","Total employment","A","Annual","2018","2018","HOUR","Hours","0","Units",,,1738,,
"PRT","Portugal","TE","Total employment","A","Annual","2019","2019","HOUR","Hours","0","Units",,,1745,,
"PRT","Portugal","TE","Total employment","A","Annual","2020","2020","HOUR","Hours","0","Units",,,1613,,
"SVK","Slovak Republic","DE","Dependent employment","A","Annual","2010","2010","HOUR","Hours","0","Units",,,1714,,
"SVK","Slovak Republic","DE","Dependent employment","A","Annual","2011","2011","HOUR","Hours","0","Units",,,1705,,
"SVK","Slovak Republic","DE","Dependent employment","A","Annual","2012","2012","HOUR","Hours","0","Units",,,1701,,
"SVK","Slovak Republic","DE","Dependent employment","A","Annual","2013","2013","HOUR","Hours","0","Units",,,1686,,
"SVK","Slovak Republic","DE","Dependent employment","A","Annual","2014","2014","HOUR","Hours","0","Units",,,1676,,
"SVK","Slovak Republic","DE","Dependent employment","A","Annual","2015","2015","HOUR","Hours","0","Units",,,1672,,
"SVK","Slovak Republic","DE","Dependent employment","A","Annual","2016","2016","HOUR","Hours","0","Units",,,1658,,
"SVK","Slovak Republic","DE","Dependent employment","A","Annual","2017","2017","HOUR","Hours","0","Units",,,1630,,
"SVK","Slovak Republic","DE","Dependent employment","A","Annual","2018","2018","HOUR","Hours","0","Units",,,1621,,
"SVK","Slovak Republic","DE","Dependent employment","A","Annual","2019","2019","HOUR","Hours","0","Units",,,1606,,
"SVK","Slovak Republic","DE","Dependent employment","A","Annual","2020","2020","HOUR","Hours","0","Units",,,1501,,
"SVK","Slovak Republic","TE","Total employment","A","Annual","2010","2010","HOUR","Hours","0","Units",,,1805,,
"SVK","Slovak Republic","TE","Total employment","A","Annual","2011","2011","HOUR","Hours","0","Units",,,1793,,
"SVK","Slovak Republic","TE","Total employment","A","Annual","2012","2012","HOUR","Hours","0","Units",,,1789,,
"SVK","Slovak Republic","TE","Total employment","A","Annual","2013","2013","HOUR","Hours","0","Units",,,1772,,
"SVK","Slovak Republic","TE","Total employment","A","Annual","2014","2014","HOUR","Hours","0","Units",,,1760,,
"SVK","Slovak Republic","TE","Total employment","A","Annual","2015","2015","HOUR","Hours","0","Units",,,1754,,
"SVK","Slovak Republic","TE","Total employment","A","Annual","2016","2016","HOUR","Hours","0","Units",,,1740,,
"SVK","Slovak Republic","TE","Total employment","A","Annual","2017","2017","HOUR","Hours","0","Units",,,1714,,
"SVK","Slovak Republic","TE","Total employment","A","Annual","2018","2018","HOUR","Hours","0","Units",,,1704,,
"SVK","Slovak Republic","TE","Total employment","A","Annual","2019","2019","HOUR","Hours","0","Units",,,1692,,
"SVK","Slovak Republic","TE","Total employment","A","Annual","2020","2020","HOUR","Hours","0","Units",,,1572,,
"ESP","Spain","DE","Dependent employment","A","Annual","2010","2010","HOUR","Hours","0","Units",,,1644,,
"ESP","Spain","DE","Dependent employment","A","Annual","2011","2011","HOUR","Hours","0","Units",,,1645,,
"ESP","Spain","DE","Dependent employment","A","Annual","2012","2012","HOUR","Hours","0","Units",,,1626,,
"ESP","Spain","DE","Dependent employment","A","Annual","2013","2013","HOUR","Hours","0","Units",,,1612,,
"ESP","Spain","DE","Dependent employment","A","Annual","2014","2014","HOUR","Hours","0","Units",,,1609,,
"ESP","Spain","DE","Dependent employment","A","Annual","2015","2015","HOUR","Hours","0","Units",,,1614,,
"ESP","Spain","DE","Dependent employment","A","Annual","2016","2016","HOUR","Hours","0","Units",,,1620,,
"ESP","Spain","DE","Dependent employment","A","Annual","2017","2017","HOUR","Hours","0","Units",,,1614,,
"ESP","Spain","DE","Dependent employment","A","Annual","2018","2018","HOUR","Hours","0","Units",,,1622,,
"ESP","Spain","DE","Dependent employment","A","Annual","2019","2019","HOUR","Hours","0","Units",,,1613,,
"ESP","Spain","DE","Dependent employment","A","Annual","2020","2020","HOUR","Hours","0","Units",,,1530,,
"ESP","Spain","TE","Total employment","A","Annual","2010","2010","HOUR","Hours","0","Units",,,1705.8,,
"ESP","Spain","TE","Total employment","A","Annual","2011","2011","HOUR","Hours","0","Units",,,1710.7,,
"ESP","Spain","TE","Total employment","A","Annual","2012","2012","HOUR","Hours","0","Units",,,1696.7,,
"ESP","Spain","TE","Total employment","A","Annual","2013","2013","HOUR","Hours","0","Units",,,1689.8,,
"ESP","Spain","TE","Total employment","A","Annual","2014","2014","HOUR","Hours","0","Units",,,1690.6,,
"ESP","Spain","TE","Total employment","A","Annual","2015","2015","HOUR","Hours","0","Units",,,1694.2,,
"ESP","Spain","TE","Total employment","A","Annual","2016","2016","HOUR","Hours","0","Units",,,1701.5,,
"ESP","Spain","TE","Total employment","A","Annual","2017","2017","HOUR","Hours","0","Units",,,1692.4,,
"ESP","Spain","TE","Total employment","A","Annual","2018","2018","HOUR","Hours","0","Units",,,1698.9,,
"ESP","Spain","TE","Total employment","A","Annual","2019","2019","HOUR","Hours","0","Units",,,1687.7,,
"ESP","Spain","TE","Total employment","A","Annual","2020","2020","HOUR","Hours","0","Units",,,1577.2,,
"SWE","Sweden","TE","Total employment","A","Annual","2010","2010","HOUR","Hours","0","Units",,,1484,,
"SWE","Sweden","TE","Total employment","A","Annual","2011","2011","HOUR","Hours","0","Units",,,1484,,
"SWE","Sweden","TE","Total employment","A","Annual","2012","2012","HOUR","Hours","0","Units",,,1472,,
"SWE","Sweden","TE","Total employment","A","Annual","2013","2013","HOUR","Hours","0","Units",,,1464,,
"SWE","Sweden","TE","Total employment","A","Annual","2014","2014","HOUR","Hours","0","Units",,,1465,,
"SWE","Sweden","TE","Total employment","A","Annual","2015","2015","HOUR","Hours","0","Units",,,1466,,
"SWE","Sweden","TE","Total employment","A","Annual","2016","2016","HOUR","Hours","0","Units",,,1478,,
"SWE","Sweden","TE","Total employment","A","Annual","2017","2017","HOUR","Hours","0","Units",,,1466,,
"SWE","Sweden","TE","Total employment","A","Annual","2018","2018","HOUR","Hours","0","Units",,,1466,,
"SWE","Sweden","TE","Total employment","A","Annual","2019","2019","HOUR","Hours","0","Units",,,1452,,
"SWE","Sweden","TE","Total employment","A","Annual","2020","2020","HOUR","Hours","0","Units",,,1424,,
"CHE","Switzerland","TE","Total employment","A","Annual","2010","2010","HOUR","Hours","0","Units",,,1611,,
"CHE","Switzerland","TE","Total employment","A","Annual","2011","2011","HOUR","Hours","0","Units",,,1608,,
"CHE","Switzerland","TE","Total employment","A","Annual","2012","2012","HOUR","Hours","0","Units",,,1593,,
"CHE","Switzerland","TE","Total employment","A","Annual","2013","2013","HOUR","Hours","0","Units",,,1573,,
"CHE","Switzerland","TE","Total employment","A","Annual","2014","2014","HOUR","Hours","0","Units",,,1564,,
"CHE","Switzerland","TE","Total employment","A","Annual","2015","2015","HOUR","Hours","0","Units",,,1577,,
"CHE","Switzerland","TE","Total employment","A","Annual","2016","2016","HOUR","Hours","0","Units",,,1577,,
"CHE","Switzerland","TE","Total employment","A","Annual","2017","2017","HOUR","Hours","0","Units",,,1559,,
"CHE","Switzerland","TE","Total employment","A","Annual","2018","2018","HOUR","Hours","0","Units",,,1551,,
"CHE","Switzerland","TE","Total employment","A","Annual","2019","2019","HOUR","Hours","0","Units",,,1549,,
"CHE","Switzerland","TE","Total employment","A","Annual","2020","2020","HOUR","Hours","0","Units",,,1495,,
"TUR","Turkey","TE","Total employment","A","Annual","2010","2010","HOUR","Hours","0","Units",,,1877,,
"TUR","Turkey","TE","Total employment","A","Annual","2011","2011","HOUR","Hours","0","Units",,,1864,,
"TUR","Turkey","TE","Total employment","A","Annual","2012","2012","HOUR","Hours","0","Units",,,1855,,
"TUR","Turkey","TE","Total employment","A","Annual","2013","2013","HOUR","Hours","0","Units",,,1832,,
"GBR","United Kingdom","DE","Dependent employment","A","Annual","2010","2010","HOUR","Hours","0","Units",,,1471,,
"GBR","United Kingdom","DE","Dependent employment","A","Annual","2011","2011","HOUR","Hours","0","Units",,,1482,,
"GBR","United Kingdom","DE","Dependent employment","A","Annual","2012","2012","HOUR","Hours","0","Units",,,1501,,
"GBR","United Kingdom","DE","Dependent employment","A","Annual","2013","2013","HOUR","Hours","0","Units",,,1505,,
"GBR","United Kingdom","DE","Dependent employment","A","Annual","2014","2014","HOUR","Hours","0","Units",,,1512,,
"GBR","United Kingdom","DE","Dependent employment","A","Annual","2015","2015","HOUR","Hours","0","Units",,,1496,,
"GBR","United Kingdom","DE","Dependent employment","A","Annual","2016","2016","HOUR","Hours","0","Units",,,1513,,
"GBR","United Kingdom","DE","Dependent employment","A","Annual","2017","2017","HOUR","Hours","0","Units",,,1509,,
"GBR","United Kingdom","DE","Dependent employment","A","Annual","2018","2018","HOUR","Hours","0","Units",,,1510,,
"GBR","United Kingdom","DE","Dependent employment","A","Annual","2019","2019","HOUR","Hours","0","Units",,,1513,,
"GBR","United Kingdom","DE","Dependent employment","A","Annual","2020","2020","HOUR","Hours","0","Units",,,1368,,
"GBR","United Kingdom","TE","Total employment","A","Annual","2010","2010","HOUR","Hours","0","Units",,,1507,,
"GBR","United Kingdom","TE","Total employment","A","Annual","2011","2011","HOUR","Hours","0","Units",,,1515,,
"GBR","United Kingdom","TE","Total employment","A","Annual","2012","2012","HOUR","Hours","0","Units",,,1531,,
"GBR","United Kingdom","TE","Total employment","A","Annual","2013","2013","HOUR","Hours","0","Units",,,1534,,
"GBR","United Kingdom","TE","Total employment","A","Annual","2014","2014","HOUR","Hours","0","Units",,,1542,,
"GBR","United Kingdom","TE","Total employment","A","Annual","2015","2015","HOUR","Hours","0","Units",,,1525,,
"GBR","United Kingdom","TE","Total employment","A","Annual","2016","2016","HOUR","Hours","0","Units",,,1541,,
"GBR","United Kingdom","TE","Total employment","A","Annual","2017","2017","HOUR","Hours","0","Units",,,1536,,
"GBR","United Kingdom","TE","Total employment","A","Annual","2018","2018","HOUR","Hours","0","Units",,,1536,,
"GBR","United Kingdom","TE","Total employment","A","Annual","2019","2019","HOUR","Hours","0","Units",,,1537,,
"GBR","United Kingdom","TE","Total employment","A","Annual","2020","2020","HOUR","Hours","0","Units",,,1367,,
"USA","United States","DE","Dependent employment","A","Annual","2010","2010","HOUR","Hours","0","Units",,,1779,,
"USA","United States","DE","Dependent employment","A","Annual","2011","2011","HOUR","Hours","0","Units",,,1788,,
"USA","United States","DE","Dependent employment","A","Annual","2012","2012","HOUR","Hours","0","Units",,,1789,,
"USA","United States","DE","Dependent employment","A","Annual","2013","2013","HOUR","Hours","0","Units",,,1787,,
"USA","United States","DE","Dependent employment","A","Annual","2014","2014","HOUR","Hours","0","Units",,,1788,,
"USA","United States","DE","Dependent employment","A","Annual","2015","2015","HOUR","Hours","0","Units",,,1788,,
"USA","United States","DE","Dependent employment","A","Annual","2016","2016","HOUR","Hours","0","Units",,,1785,,
"USA","United States","DE","Dependent employment","A","Annual","2017","2017","HOUR","Hours","0","Units",,,1783,,
"USA","United States","DE","Dependent employment","A","Annual","2018","2018","HOUR","Hours","0","Units",,,1788,,
"USA","United States","DE","Dependent employment","A","Annual","2019","2019","HOUR","Hours","0","Units",,,1784,,
"USA","United States","DE","Dependent employment","A","Annual","2020","2020","HOUR","Hours","0","Units",,,1784,,
"USA","United States","TE","Total employment","A","Annual","2010","2010","HOUR","Hours","0","Units",,,1772,,
"USA","United States","TE","Total employment","A","Annual","2011","2011","HOUR","Hours","0","Units",,,1778,,
"USA","United States","TE","Total employment","A","Annual","2012","2012","HOUR","Hours","0","Units",,,1782,,
"USA","United States","TE","Total employment","A","Annual","2013","2013","HOUR","Hours","0","Units",,,1780,,
"USA","United States","TE","Total employment","A","Annual","2014","2014","HOUR","Hours","0","Units",,,1782,,
"USA","United States","TE","Total employment","A","Annual","2015","2015","HOUR","Hours","0","Units",,,1783,,
"USA","United States","TE","Total employment","A","Annual","2016","2016","HOUR","Hours","0","Units",,,1778,,
"USA","United States","TE","Total employment","A","Annual","2017","2017","HOUR","Hours","0","Units",,,1778,,
"USA","United States","TE","Total employment","A","Annual","2018","2018","HOUR","Hours","0","Units",,,1782,,
"USA","United States","TE","Total employment","A","Annual","2019","2019","HOUR","Hours","0","Units",,,1777,,
"USA","United States","TE","Total employment","A","Annual","2020","2020","HOUR","Hours","0","Units",,,1767,,
"OECD","OECD countries","TE","Total employment","A","Annual","2010","2010","HOUR","Hours","0","Units",,,1772,,
"OECD","OECD countries","TE","Total employment","A","Annual","2011","2011","HOUR","Hours","0","Units",,,1771,,
"OECD","OECD countries","TE","Total employment","A","Annual","2012","2012","HOUR","Hours","0","Units",,,1770,,
"OECD","OECD countries","TE","Total employment","A","Annual","2013","2013","HOUR","Hours","0","Units",,,1765,,
"OECD","OECD countries","TE","Total employment","A","Annual","2014","2014","HOUR","Hours","0","Units",,,1764,,
"OECD","OECD countries","TE","Total employment","A","Annual","2015","2015","HOUR","Hours","0","Units",,,1764,,
"OECD","OECD countries","TE","Total employment","A","Annual","2016","2016","HOUR","Hours","0","Units",,,1763,,
"OECD","OECD countries","TE","Total employment","A","Annual","2017","2017","HOUR","Hours","0","Units",,,1756,,
"OECD","OECD countries","TE","Total employment","A","Annual","2018","2018","HOUR","Hours","0","Units",,,1753,,
"OECD","OECD countries","TE","Total employment","A","Annual","2019","2019","HOUR","Hours","0","Units",,,1743,,
"OECD","OECD countries","TE","Total employment","A","Annual","2020","2020","HOUR","Hours","0","Units",,,1687,,
"ISR","Israel","TE","Total employment","A","Annual","2010","2010","HOUR","Hours","0","Units",,,1956.5,,
"ISR","Israel","TE","Total employment","A","Annual","2011","2011","HOUR","Hours","0","Units",,,1947.2,,
"ISR","Israel","TE","Total employment","A","Annual","2012","2012","HOUR","Hours","0","Units",,,1918.8,,
"ISR","Israel","TE","Total employment","A","Annual","2013","2013","HOUR","Hours","0","Units",,,1908.2,,
"ISR","Israel","TE","Total employment","A","Annual","2014","2014","HOUR","Hours","0","Units",,,1894.5,,
"ISR","Israel","TE","Total employment","A","Annual","2015","2015","HOUR","Hours","0","Units",,,1895.4,,
"ISR","Israel","TE","Total employment","A","Annual","2016","2016","HOUR","Hours","0","Units",,,1922.1,,
"ISR","Israel","TE","Total employment","A","Annual","2017","2017","HOUR","Hours","0","Units",,,1918,,
"ISR","Israel","TE","Total employment","A","Annual","2018","2018","HOUR","Hours","0","Units",,,1910.1,,
"ISR","Israel","TE","Total employment","A","Annual","2019","2019","HOUR","Hours","0","Units",,,1898.1,,
"ISR","Israel","TE","Total employment","A","Annual","2020","2020","HOUR","Hours","0","Units",,,1782.5,,
"CHL","Chile","DE","Dependent employment","A","Annual","2010","2010","HOUR","Hours","0","Units",,,2106.8,,
"CHL","Chile","DE","Dependent employment","A","Annual","2011","2011","HOUR","Hours","0","Units",,,2100.5,,
"CHL","Chile","DE","Dependent employment","A","Annual","2012","2012","HOUR","Hours","0","Units",,,2077.9,,
"CHL","Chile","DE","Dependent employment","A","Annual","2013","2013","HOUR","Hours","0","Units",,,2072.6,,
"CHL","Chile","DE","Dependent employment","A","Annual","2014","2014","HOUR","Hours","0","Units",,,2046.9,,
"CHL","Chile","DE","Dependent employment","A","Annual","2015","2015","HOUR","Hours","0","Units",,,2042.7,,
"CHL","Chile","DE","Dependent employment","A","Annual","2016","2016","HOUR","Hours","0","Units",,,2033.2,,
"CHL","Chile","DE","Dependent employment","A","Annual","2017","2017","HOUR","Hours","0","Units",,,2021,,
"CHL","Chile","DE","Dependent employment","A","Annual","2018","2018","HOUR","Hours","0","Units",,,2009.5,,
"CHL","Chile","DE","Dependent employment","A","Annual","2019","2019","HOUR","Hours","0","Units",,,1989.4,,
"CHL","Chile","DE","Dependent employment","A","Annual","2020","2020","HOUR","Hours","0","Units",,,1885.8,,
"CHL","Chile","TE","Total employment","A","Annual","2010","2010","HOUR","Hours","0","Units",,,2069.8,,
"CHL","Chile","TE","Total employment","A","Annual","2011","2011","HOUR","Hours","0","Units",,,2050.2,,
"CHL","Chile","TE","Total employment","A","Annual","2012","2012","HOUR","Hours","0","Units",,,2027.4,,
"CHL","Chile","TE","Total employment","A","Annual","2013","2013","HOUR","Hours","0","Units",,,2021.3,,
"CHL","Chile","TE","Total employment","A","Annual","2014","2014","HOUR","Hours","0","Units",,,1994.4,,
"CHL","Chile","TE","Total employment","A","Annual","2015","2015","HOUR","Hours","0","Units",,,1993.7,,
"CHL","Chile","TE","Total employment","A","Annual","2016","2016","HOUR","Hours","0","Units",,,1977.5,,
"CHL","Chile","TE","Total employment","A","Annual","2017","2017","HOUR","Hours","0","Units",,,1963.1,,
"CHL","Chile","TE","Total employment","A","Annual","2018","2018","HOUR","Hours","0","Units",,,1955.5,,
"CHL","Chile","TE","Total employment","A","Annual","2019","2019","HOUR","Hours","0","Units",,,1929.5,,
"CHL","Chile","TE","Total employment","A","Annual","2020","2020","HOUR","Hours","0","Units",,,1825.3,,
"SVN","Slovenia","DE","Dependent employment","A","Annual","2010","2010","HOUR","Hours","0","Units",,,1636,,
"SVN","Slovenia","DE","Dependent employment","A","Annual","2011","2011","HOUR","Hours","0","Units",,,1622,,
"SVN","Slovenia","DE","Dependent employment","A","Annual","2012","2012","HOUR","Hours","0","Units",,,1600,,
"SVN","Slovenia","DE","Dependent employment","A","Annual","2013","2013","HOUR","Hours","0","Units",,,1619,,
"SVN","Slovenia","DE","Dependent employment","A","Annual","2014","2014","HOUR","Hours","0","Units",,,1633,,
"SVN","Slovenia","DE","Dependent employment","A","Annual","2015","2015","HOUR","Hours","0","Units",,,1644,,
"SVN","Slovenia","DE","Dependent employment","A","Annual","2016","2016","HOUR","Hours","0","Units",,,1603,,
"SVN","Slovenia","DE","Dependent employment","A","Annual","2017","2017","HOUR","Hours","0","Units",,,1576,,
"SVN","Slovenia","DE","Dependent employment","A","Annual","2018","2018","HOUR","Hours","0","Units",,,1559,,
"SVN","Slovenia","DE","Dependent employment","A","Annual","2019","2019","HOUR","Hours","0","Units",,,1557,,
"SVN","Slovenia","DE","Dependent employment","A","Annual","2020","2020","HOUR","Hours","0","Units",,,1474,,
"SVN","Slovenia","TE","Total employment","A","Annual","2010","2010","HOUR","Hours","0","Units",,,1680.3,,
"SVN","Slovenia","TE","Total employment","A","Annual","2011","2011","HOUR","Hours","0","Units",,,1663.4,,
"SVN","Slovenia","TE","Total employment","A","Annual","2012","2012","HOUR","Hours","0","Units",,,1644.3,,
"SVN","Slovenia","TE","Total employment","A","Annual","2013","2013","HOUR","Hours","0","Units",,,1662.2,,
"SVN","Slovenia","TE","Total employment","A","Annual","2014","2014","HOUR","Hours","0","Units",,,1681.8,,
"SVN","Slovenia","TE","Total employment","A","Annual","2015","2015","HOUR","Hours","0","Units",,,1687.3,,
"SVN","Slovenia","TE","Total employment","A","Annual","2016","2016","HOUR","Hours","0","Units",,,1652.4,,
"SVN","Slovenia","TE","Total employment","A","Annual","2017","2017","HOUR","Hours","0","Units",,,1621.5,,
"SVN","Slovenia","TE","Total employment","A","Annual","2018","2018","HOUR","Hours","0","Units",,,1598.7,,
"SVN","Slovenia","TE","Total employment","A","Annual","2019","2019","HOUR","Hours","0","Units",,,1601.4,,
"SVN","Slovenia","TE","Total employment","A","Annual","2020","2020","HOUR","Hours","0","Units",,,1514.6,,
"EST","Estonia","DE","Dependent employment","A","Annual","2010","2010","HOUR","Hours","0","Units",,,1765,,
"EST","Estonia","DE","Dependent employment","A","Annual","2011","2011","HOUR","Hours","0","Units",,,1806,,
"EST","Estonia","DE","Dependent employment","A","Annual","2012","2012","HOUR","Hours","0","Units",,,1775,,
"EST","Estonia","DE","Dependent employment","A","Annual","2013","2013","HOUR","Hours","0","Units",,,1761,,
"EST","Estonia","DE","Dependent employment","A","Annual","2014","2014","HOUR","Hours","0","Units",,,1757,,
"EST","Estonia","DE","Dependent employment","A","Annual","2015","2015","HOUR","Hours","0","Units",,,1756,,
"EST","Estonia","DE","Dependent employment","A","Annual","2016","2016","HOUR","Hours","0","Units",,,1747,,
"EST","Estonia","DE","Dependent employment","A","Annual","2017","2017","HOUR","Hours","0","Units",,,1757,,
"EST","Estonia","DE","Dependent employment","A","Annual","2018","2018","HOUR","Hours","0","Units",,,1707,,
"EST","Estonia","DE","Dependent employment","A","Annual","2019","2019","HOUR","Hours","0","Units",,,1694,,
"EST","Estonia","DE","Dependent employment","A","Annual","2020","2020","HOUR","Hours","0","Units",,,1642,,
"EST","Estonia","TE","Total employment","A","Annual","2010","2010","HOUR","Hours","0","Units",,,1785,,
"EST","Estonia","TE","Total employment","A","Annual","2011","2011","HOUR","Hours","0","Units",,,1827,,
"EST","Estonia","TE","Total employment","A","Annual","2012","2012","HOUR","Hours","0","Units",,,1796,,
"EST","Estonia","TE","Total employment","A","Annual","2013","2013","HOUR","Hours","0","Units",,,1777,,
"EST","Estonia","TE","Total employment","A","Annual","2014","2014","HOUR","Hours","0","Units",,,1771,,
"EST","Estonia","TE","Total employment","A","Annual","2015","2015","HOUR","Hours","0","Units",,,1763,,
"EST","Estonia","TE","Total employment","A","Annual","2016","2016","HOUR","Hours","0","Units",,,1767,,
"EST","Estonia","TE","Total employment","A","Annual","2017","2017","HOUR","Hours","0","Units",,,1768,,
"EST","Estonia","TE","Total employment","A","Annual","2018","2018","HOUR","Hours","0","Units",,,1724,,
"EST","Estonia","TE","Total employment","A","Annual","2019","2019","HOUR","Hours","0","Units",,,1711,,
"EST","Estonia","TE","Total employment","A","Annual","2020","2020","HOUR","Hours","0","Units",,,1654,,
"ITA","Italy","DE","Dependent employment","A","Annual","2010","2010","HOUR","Hours","0","Units",,,1616,,
"ITA","Italy","DE","Dependent employment","A","Annual","2011","2011","HOUR","Hours","0","Units",,,1615,,
"ITA","Italy","DE","Dependent employment","A","Annual","2012","2012","HOUR","Hours","0","Units",,,1579,,
"ITA","Italy","DE","Dependent employment","A","Annual","2013","2013","HOUR","Hours","0","Units",,,1567,,
"ITA","Italy","DE","Dependent employment","A","Annual","2014","2014","HOUR","Hours","0","Units",,,1565,,
"ITA","Italy","DE","Dependent employment","A","Annual","2015","2015","HOUR","Hours","0","Units",,,1569,,
"ITA","Italy","DE","Dependent employment","A","Annual","2016","2016","HOUR","Hours","0","Units",,,1581,,
"ITA","Italy","DE","Dependent employment","A","Annual","2017","2017","HOUR","Hours","0","Units",,,1582,,
"ITA","Italy","DE","Dependent employment","A","Annual","2018","2018","HOUR","Hours","0","Units",,,1588,,
"ITA","Italy","DE","Dependent employment","A","Annual","2019","2019","HOUR","Hours","0","Units",,,1583,,
"ITA","Italy","DE","Dependent employment","A","Annual","2020","2020","HOUR","Hours","0","Units",,,1452,,
"LTU","Lithuania","DE","Dependent employment","A","Annual","2010","2010","HOUR","Hours","0","Units",,,1656,,
"LTU","Lithuania","DE","Dependent employment","A","Annual","2011","2011","HOUR","Hours","0","Units",,,1631,,
"LTU","Lithuania","DE","Dependent employment","A","Annual","2012","2012","HOUR","Hours","0","Units",,,1629,,
"LTU","Lithuania","DE","Dependent employment","A","Annual","2013","2013","HOUR","Hours","0","Units",,,1616,,
"LTU","Lithuania","DE","Dependent employment","A","Annual","2014","2014","HOUR","Hours","0","Units",,,1612,,
"LTU","Lithuania","DE","Dependent employment","A","Annual","2015","2015","HOUR","Hours","0","Units",,,1632,,
"LTU","Lithuania","DE","Dependent employment","A","Annual","2016","2016","HOUR","Hours","0","Units",,,1658,,
"LTU","Lithuania","DE","Dependent employment","A","Annual","2017","2017","HOUR","Hours","0","Units",,,1621,,
"LTU","Lithuania","DE","Dependent employment","A","Annual","2018","2018","HOUR","Hours","0","Units",,,1628,,
"LTU","Lithuania","DE","Dependent employment","A","Annual","2019","2019","HOUR","Hours","0","Units",,,1631,,
"LTU","Lithuania","DE","Dependent employment","A","Annual","2020","2020","HOUR","Hours","0","Units",,,1573,,
"LTU","Lithuania","TE","Total employment","A","Annual","2010","2010","HOUR","Hours","0","Units",,,1697,,
"LTU","Lithuania","TE","Total employment","A","Annual","2011","2011","HOUR","Hours","0","Units",,,1674,,
"LTU","Lithuania","TE","Total employment","A","Annual","2012","2012","HOUR","Hours","0","Units",,,1672,,
"LTU","Lithuania","TE","Total employment","A","Annual","2013","2013","HOUR","Hours","0","Units",,,1657,,
"LTU","Lithuania","TE","Total employment","A","Annual","2014","2014","HOUR","Hours","0","Units",,,1650,,
"LTU","Lithuania","TE","Total employment","A","Annual","2015","2015","HOUR","Hours","0","Units",,,1673,,
"LTU","Lithuania","TE","Total employment","A","Annual","2016","2016","HOUR","Hours","0","Units",,,1694,,
"LTU","Lithuania","TE","Total employment","A","Annual","2017","2017","HOUR","Hours","0","Units",,,1657,,
"LTU","Lithuania","TE","Total employment","A","Annual","2018","2018","HOUR","Hours","0","Units",,,1664,,
"LTU","Lithuania","TE","Total employment","A","Annual","2019","2019","HOUR","Hours","0","Units",,,1665,,
"LTU","Lithuania","TE","Total employment","A","Annual","2020","2020","HOUR","Hours","0","Units",,,1595,,
"LVA","Latvia","DE","Dependent employment","A","Annual","2010","2010","HOUR","Hours","0","Units",,,1664,,
"LVA","Latvia","DE","Dependent employment","A","Annual","2011","2011","HOUR","Hours","0","Units",,,1675,,
"LVA","Latvia","DE","Dependent employment","A","Annual","2012","2012","HOUR","Hours","0","Units",,,1666,,
"LVA","Latvia","DE","Dependent employment","A","Annual","2013","2013","HOUR","Hours","0","Units",,,1660,,
"LVA","Latvia","DE","Dependent employment","A","Annual","2014","2014","HOUR","Hours","0","Units",,,1670,,
"LVA","Latvia","DE","Dependent employment","A","Annual","2015","2015","HOUR","Hours","0","Units",,,1633,,
"LVA","Latvia","DE","Dependent employment","A","Annual","2016","2016","HOUR","Hours","0","Units",,,1632,,
"LVA","Latvia","DE","Dependent employment","A","Annual","2017","2017","HOUR","Hours","0","Units",,,1619,,
"LVA","Latvia","DE","Dependent employment","A","Annual","2018","2018","HOUR","Hours","0","Units",,,1638,,
"LVA","Latvia","DE","Dependent employment","A","Annual","2019","2019","HOUR","Hours","0","Units",,,1606,,
"LVA","Latvia","DE","Dependent employment","A","Annual","2020","2020","HOUR","Hours","0","Units",,,1561,,
"LVA","Latvia","TE","Total employment","A","Annual","2010","2010","HOUR","Hours","0","Units",,,1692,,
"LVA","Latvia","TE","Total employment","A","Annual","2011","2011","HOUR","Hours","0","Units",,,1707,,
"LVA","Latvia","TE","Total employment","A","Annual","2012","2012","HOUR","Hours","0","Units",,,1692,,
"LVA","Latvia","TE","Total employment","A","Annual","2013","2013","HOUR","Hours","0","Units",,,1686,,
"LVA","Latvia","TE","Total employment","A","Annual","2014","2014","HOUR","Hours","0","Units",,,1695,,
"LVA","Latvia","TE","Total employment","A","Annual","2015","2015","HOUR","Hours","0","Units",,,1663,,
"LVA","Latvia","TE","Total employment","A","Annual","2016","2016","HOUR","Hours","0","Units",,,1664,,
"LVA","Latvia","TE","Total employment","A","Annual","2017","2017","HOUR","Hours","0","Units",,,1650,,
"LVA","Latvia","TE","Total employment","A","Annual","2018","2018","HOUR","Hours","0","Units",,,1661,,
"LVA","Latvia","TE","Total employment","A","Annual","2019","2019","HOUR","Hours","0","Units",,,1631,,
"LVA","Latvia","TE","Total employment","A","Annual","2020","2020","HOUR","Hours","0","Units",,,1577,,
"CRI","Costa Rica","DE","Dependent employment","A","Annual","2010","2010","HOUR","Hours","0","Units",,,2283,,
"CRI","Costa Rica","DE","Dependent employment","A","Annual","2011","2011","HOUR","Hours","0","Units",,,2313,,
"CRI","Costa Rica","DE","Dependent employment","A","Annual","2012","2012","HOUR","Hours","0","Units",,,2276,,
"CRI","Costa Rica","DE","Dependent employment","A","Annual","2013","2013","HOUR","Hours","0","Units",,,2200,,
"CRI","Costa Rica","DE","Dependent employment","A","Annual","2014","2014","HOUR","Hours","0","Units",,,2188,,
"CRI","Costa Rica","DE","Dependent employment","A","Annual","2015","2015","HOUR","Hours","0","Units",,,2213,,
"CRI","Costa Rica","DE","Dependent employment","A","Annual","2016","2016","HOUR","Hours","0","Units",,,2242,,
"CRI","Costa Rica","DE","Dependent employment","A","Annual","2017","2017","HOUR","Hours","0","Units",,,2242,,
"CRI","Costa Rica","DE","Dependent employment","A","Annual","2018","2018","HOUR","Hours","0","Units",,,2207,,
"CRI","Costa Rica","DE","Dependent employment","A","Annual","2019","2019","HOUR","Hours","0","Units",,,2155,,
"CRI","Costa Rica","DE","Dependent employment","A","Annual","2020","2020","HOUR","Hours","0","Units",,,2048,,
"CRI","Costa Rica","TE","Total employment","A","Annual","2010","2010","HOUR","Hours","0","Units",,,2243.1,,
"CRI","Costa Rica","TE","Total employment","A","Annual","2011","2011","HOUR","Hours","0","Units",,,2285.3,,
"CRI","Costa Rica","TE","Total employment","A","Annual","2012","2012","HOUR","Hours","0","Units",,,2233.4,,
"CRI","Costa Rica","TE","Total employment","A","Annual","2013","2013","HOUR","Hours","0","Units",,,2140.6,,
"CRI","Costa Rica","TE","Total employment","A","Annual","2014","2014","HOUR","Hours","0","Units",,,2121.7,,
"CRI","Costa Rica","TE","Total employment","A","Annual","2015","2015","HOUR","Hours","0","Units",,,2148.2,,
"CRI","Costa Rica","TE","Total employment","A","Annual","2016","2016","HOUR","Hours","0","Units",,,2204.7,,
"CRI","Costa Rica","TE","Total employment","A","Annual","2017","2017","HOUR","Hours","0","Units",,,2178.9,,
"CRI","Costa Rica","TE","Total employment","A","Annual","2018","2018","HOUR","Hours","0","Units",,,2121,,
"CRI","Costa Rica","TE","Total employment","A","Annual","2019","2019","HOUR","Hours","0","Units",,,2059.6,,
"CRI","Costa Rica","TE","Total employment","A","Annual","2020","2020","HOUR","Hours","0","Units",,,1913.2,,
"SWE","Sweden","DE","Dependent employment","A","Annual","2010","2010","HOUR","Hours","0","Units",,,1433,,
"SWE","Sweden","DE","Dependent employment","A","Annual","2011","2011","HOUR","Hours","0","Units",,,1434,,
"SWE","Sweden","DE","Dependent employment","A","Annual","2012","2012","HOUR","Hours","0","Units",,,1422,,
"SWE","Sweden","DE","Dependent employment","A","Annual","2013","2013","HOUR","Hours","0","Units",,,1416,,
"SWE","Sweden","DE","Dependent employment","A","Annual","2014","2014","HOUR","Hours","0","Units",,,1416,,
"SWE","Sweden","DE","Dependent employment","A","Annual","2015","2015","HOUR","Hours","0","Units",,,1418,,
"SWE","Sweden","DE","Dependent employment","A","Annual","2016","2016","HOUR","Hours","0","Units",,,1432,,
"SWE","Sweden","DE","Dependent employment","A","Annual","2017","2017","HOUR","Hours","0","Units",,,1419,,
"SWE","Sweden","DE","Dependent employment","A","Annual","2018","2018","HOUR","Hours","0","Units",,,1419,,
"SWE","Sweden","DE","Dependent employment","A","Annual","2019","2019","HOUR","Hours","0","Units",,,1407,,
"SWE","Sweden","DE","Dependent employment","A","Annual","2020","2020","HOUR","Hours","0","Units",,,1381,,
"AUS","Australia","DE","Dependent employment","A","Annual","2010","2010","HOUR","Hours","0","Units",,,1734,,
"AUS","Australia","DE","Dependent employment","A","Annual","2011","2011","HOUR","Hours","0","Units",,,1732,,
"AUS","Australia","DE","Dependent employment","A","Annual","2012","2012","HOUR","Hours","0","Units",,,1735,,
"AUS","Australia","DE","Dependent employment","A","Annual","2013","2013","HOUR","Hours","0","Units",,,1728,,
"AUS","Australia","DE","Dependent employment","A","Annual","2014","2014","HOUR","Hours","0","Units",,,1737,,
"AUS","Australia","DE","Dependent employment","A","Annual","2015","2015","HOUR","Hours","0","Units",,,1714,,
"AUS","Australia","DE","Dependent employment","A","Annual","2016","2016","HOUR","Hours","0","Units",,,1704,,
"AUS","Australia","DE","Dependent employment","A","Annual","2017","2017","HOUR","Hours","0","Units",,,1707,,
"AUS","Australia","DE","Dependent employment","A","Annual","2018","2018","HOUR","Hours","0","Units",,,1706,,
"AUS","Australia","DE","Dependent employment","A","Annual","2019","2019","HOUR","Hours","0","Units",,,1696,,
"AUS","Australia","DE","Dependent employment","A","Annual","2020","2020","HOUR","Hours","0","Units",,,1670,,
"NOR","Norway","DE","Dependent employment","A","Annual","2010","2010","HOUR","Hours","0","Units",,,1375,,
"NOR","Norway","DE","Dependent employment","A","Annual","2011","2011","HOUR","Hours","0","Units",,,1380,,
"NOR","Norway","DE","Dependent employment","A","Annual","2012","2012","HOUR","Hours","0","Units",,,1378,,
"NOR","Norway","DE","Dependent employment","A","Annual","2013","2013","HOUR","Hours","0","Units",,,1368,,
"NOR","Norway","DE","Dependent employment","A","Annual","2014","2014","HOUR","Hours","0","Units",,,1371,,
"NOR","Norway","DE","Dependent employment","A","Annual","2015","2015","HOUR","Hours","0","Units",,,1374,,
"NOR","Norway","DE","Dependent employment","A","Annual","2016","2016","HOUR","Hours","0","Units",,,1378,,
"NOR","Norway","DE","Dependent employment","A","Annual","2017","2017","HOUR","Hours","0","Units",,,1364,,
"NOR","Norway","DE","Dependent employment","A","Annual","2018","2018","HOUR","Hours","0","Units",,,1363,,
"NOR","Norway","DE","Dependent employment","A","Annual","2019","2019","HOUR","Hours","0","Units",,,1365,,
"NOR","Norway","DE","Dependent employment","A","Annual","2020","2020","HOUR","Hours","0","Units",,,1354,,
"CHE","Switzerland","DE","Dependent employment","A","Annual","2010","2010","HOUR","Hours","0","Units",,,1596,,
"CHE","Switzerland","DE","Dependent employment","A","Annual","2011","2011","HOUR","Hours","0","Units",,,1596,,
"CHE","Switzerland","DE","Dependent employment","A","Annual","2012","2012","HOUR","Hours","0","Units",,,1582,,
"CHE","Switzerland","DE","Dependent employment","A","Annual","2013","2013","HOUR","Hours","0","Units",,,1564,,
"CHE","Switzerland","DE","Dependent employment","A","Annual","2014","2014","HOUR","Hours","0","Units",,,1563,,
"CHE","Switzerland","DE","Dependent employment","A","Annual","2015","2015","HOUR","Hours","0","Units",,,1579,,
"CHE","Switzerland","DE","Dependent employment","A","Annual","2016","2016","HOUR","Hours","0","Units",,,1580,,
"CHE","Switzerland","DE","Dependent employment","A","Annual","2017","2017","HOUR","Hours","0","Units",,,1562,,
"CHE","Switzerland","DE","Dependent employment","A","Annual","2018","2018","HOUR","Hours","0","Units",,,1549,,
"CHE","Switzerland","DE","Dependent employment","A","Annual","2019","2019","HOUR","Hours","0","Units",,,1545,,
"ISR","Israel","DE","Dependent employment","A","Annual","2010","2010","HOUR","Hours","0","Units",,,1950,,
"ISR","Israel","DE","Dependent employment","A","Annual","2011","2011","HOUR","Hours","0","Units",,,1944,,
"ISR","Israel","DE","Dependent employment","A","Annual","2012","2012","HOUR","Hours","0","Units",,,1916,,
"ISR","Israel","DE","Dependent employment","A","Annual","2013","2013","HOUR","Hours","0","Units",,,1909,,
"ISR","Israel","DE","Dependent employment","A","Annual","2014","2014","HOUR","Hours","0","Units",,,1901,,
"ISR","Israel","DE","Dependent employment","A","Annual","2015","2015","HOUR","Hours","0","Units",,,1900,,
"ISR","Israel","DE","Dependent employment","A","Annual","2016","2016","HOUR","Hours","0","Units",,,1923,,
"ISR","Israel","DE","Dependent employment","A","Annual","2017","2017","HOUR","Hours","0","Units",,,1924,,
"ISR","Israel","DE","Dependent employment","A","Annual","2018","2018","HOUR","Hours","0","Units",,,1919,,
"ISR","Israel","DE","Dependent employment","A","Annual","2019","2019","HOUR","Hours","0","Units",,,1900,,
"OECD","OECD countries","DE","Dependent employment","A","Annual","2010","2010","HOUR","Hours","0","Units",,,1739,,
"OECD","OECD countries","DE","Dependent employment","A","Annual","2011","2011","HOUR","Hours","0","Units",,,1742,,
"OECD","OECD countries","DE","Dependent employment","A","Annual","2012","2012","HOUR","Hours","0","Units",,,1741,,
"OECD","OECD countries","DE","Dependent employment","A","Annual","2013","2013","HOUR","Hours","0","Units",,,1735,,
"OECD","OECD countries","DE","Dependent employment","A","Annual","2014","2014","HOUR","Hours","0","Units",,,1735,,
"OECD","OECD countries","DE","Dependent employment","A","Annual","2015","2015","HOUR","Hours","0","Units",,,1735,,
"OECD","OECD countries","DE","Dependent employment","A","Annual","2016","2016","HOUR","Hours","0","Units",,,1734,,
"OECD","OECD countries","DE","Dependent employment","A","Annual","2017","2017","HOUR","Hours","0","Units",,,1728,,
"OECD","OECD countries","DE","Dependent employment","A","Annual","2018","2018","HOUR","Hours","0","Units",,,1727,,
"OECD","OECD countries","DE","Dependent employment","A","Annual","2019","2019","HOUR","Hours","0","Units",,,1718,,
"OECD","OECD countries","DE","Dependent employment","A","Annual","2020","2020","HOUR","Hours","0","Units",,,1662,,
"COL","Colombia","DE","Dependent employment","A","Annual","2015","2015","HOUR","Hours","0","Units",,,2386,,
"COL","Colombia","DE","Dependent employment","A","Annual","2016","2016","HOUR","Hours","0","Units",,,2376,,
"COL","Colombia","DE","Dependent employment","A","Annual","2017","2017","HOUR","Hours","0","Units",,,2352,,
"COL","Colombia","DE","Dependent employment","A","Annual","2018","2018","HOUR","Hours","0","Units",,,2363,,
"COL","Colombia","DE","Dependent employment","A","Annual","2019","2019","HOUR","Hours","0","Units",,,2353,,
"COL","Colombia","TE","Total employment","A","Annual","2015","2015","HOUR","Hours","0","Units",,,2194,,
"COL","Colombia","TE","Total employment","A","Annual","2016","2016","HOUR","Hours","0","Units",,,2191,,
"COL","Colombia","TE","Total employment","A","Annual","2017","2017","HOUR","Hours","0","Units",,,2170,,
"COL","Colombia","TE","Total employment","A","Annual","2018","2018","HOUR","Hours","0","Units",,,2181,,
"COL","Colombia","TE","Total employment","A","Annual","2019","2019","HOUR","Hours","0","Units",,,2172,,
